,PX,PY,PZ,X,Y,Z,Time,PdgCode,AssociatedMCParticle,ELoss
0,"[-0.00521488  0.01596366 -0.00110287 ... -0.01713999 -0.00017008
 -0.00089443]","[-0.01060271 -0.04372522 -0.00928028 ...  0.03595588 -0.00030865
 -0.03713109]",[0.09491447 0.04561702 0.01826603 ... 0.01946667 0.00026301 0.05639469],"[-0.15918861  0.57406259 -0.29445932 ...  0.2758207   0.21125705
  0.63467128]","[-0.3437953  -1.67255764 -1.59335547 ...  1.89688814  2.03232826
 -5.48568826]","[-3039.05444336 -3039.05444336 -3039.05444336 ... -3030.33569336
 -3030.26245117 -3039.57519531]","[2.22999856e-01 2.25439996e-01 2.23453313e-01 ... 5.15779209e+00
 1.14228278e+12 5.38558340e+00]",[        11         11         11 ...       2112         11 1000020040],[ 2  3 -2 ... -2 -2 -2],[0.00094599 0.00158634 0.00147115 ... 0.00104545 0.00016316 0.00061162]
1,"[-0.00684803 -0.00015481 -0.00045909 ... -0.01099889 -0.01355991
  0.00126693]","[-0.00313701 -0.00021131  0.00027128 ... -0.00103705 -0.000848
  0.00564204]",[0.07505564 0.00190006 0.0016477  ... 0.02026839 0.04252088 0.02901714],"[-0.04301538 -0.0784594  -0.08744209 ... -1.0352758  -0.39413503
  0.16089262]","[ 0.05951116  0.8906249   0.67118414 ... -0.05521861  0.04555516
  0.63349584]","[-3039.05444336 -3030.17919922 -3029.75708008 ... -3039.05444336
 -3039.05444336 -3039.05444336]",[0.18309806 0.51107669 0.52654743 ... 0.18629101 0.18455765 0.18342887],[ 11  22  11 ...  11 -11 -11],[ 0 -2 -2 ... -2 -2 -2],[0.00084593 0.00062338 0.00129465 ... 0.00104943 0.0008225  0.00084083]
2,"[-1.80235710e-02 -2.93684890e-03 -1.97043680e-02 ... -2.94555521e-05
 -7.48172984e-04  2.41706584e-04]","[-2.16991897e-03 -4.03774483e-03 -3.02789845e-02 ... -2.69787735e-04
  5.64048474e-04  3.02024000e-05]","[1.47017315e-01 4.05743346e-02 3.17696124e-01 ... 1.77888403e-04
 3.49408772e-04 4.20170312e-04]","[-0.02092939  0.03974415  0.05458126 ... -0.5967311  -0.5967311
  0.7486982 ]","[-0.10966706 -0.30578476 -0.20160985 ... -3.82042801 -3.82042801
 -6.52947151]","[-3039.05444336 -3039.05444336 -3039.05444336 ... -3039.55688477
 -3039.55688477 -3038.43652344]","[1.03889264e-01 1.03896886e-01 1.03907228e-01 ... 6.51696669e+11
 6.51696669e+11 7.40511662e+10]",[  11   11   11 ...   11 2212   11],[ 0 -2  5 ... -2 -2 -2],"[1.14610291e-03 9.99330776e-04 1.22175692e-03 ... 9.43251507e-05
 5.32894376e-07 1.93981410e-04]"
3,"[-0.00826408  0.00271809 -0.00075768 ... -0.00012004  0.00040004
 -0.00482719]","[-0.00169594 -0.00106353 -0.00053817 ...  0.00094915 -0.00029405
  0.00218179]",[0.04850863 0.00475337 0.00208827 ... 0.00106578 0.00012091 0.014904  ],"[-0.24630321  0.82515056  1.30616713 ... -1.93756527 -1.83990103
 -0.38939649]","[ 0.34077304 -0.56066052 -2.0666324  ...  4.1508472   4.0592587
  0.23842853]","[-3039.05444336 -3040.20458984 -3040.20458984 ... -3019.23364258
 -3019.39990234 -3029.2590332 ]",[0.05894518 0.05995525 0.18304001 ... 0.81818414 0.90513682 0.38672   ],[ 11  11  11 ... -11  22 -11],[ 0 -2 -2 ... -2 -2 -2],[0.00081161 0.00131192 0.00056986 ... 0.00100962 0.000511   0.00120415]
4,[0.00852305 0.00730387 0.00220374 ... 0.01677657 0.03121891 0.01058599],"[-0.00377126  0.00616025  0.00107575 ... -0.01049961  0.00762655
 -0.02119124]",[0.05413971 0.05039091 0.03544519 ... 0.17166154 0.04746754 0.09406304],"[ 0.19371162  0.17919074  0.04919056 ...  0.03848092  2.23224107
 -1.35551422]","[-0.13929414  0.11283458 -0.02658053 ...  0.04298077  0.57134576
 -2.01677929]","[-3039.05444336 -3039.05444336 -3039.05444336 ... -3039.05444336
 -3030.40893555 -3038.22998047]",[0.21048221 0.21051574 0.21064366 ... 0.21024007 2.76189661 3.9608531 ],[        11         11         11 ...        -11       2112 1000020040],[   0   -2   -2 ... 3268   -2   -2],[0.0013131  0.00114348 0.00126374 ... 0.00089464 0.00043392 0.00126193]
5,"[1.68877398e-03 1.82575232e-03 3.54806986e-03 ... 4.59199585e-02
 2.75359482e-01 2.25800773e-04]","[-0.01258986 -0.00203679  0.00118475 ...  0.14254755 -0.04416847
  0.00038902]","[7.14261606e-02 4.93487827e-02 4.12123203e-02 ... 7.24566728e-02
 3.90506148e-01 2.42486800e-04]","[-0.0525534  -0.05778508  0.05677946 ...  0.25068273  0.97573091
 -0.2647636 ]","[-0.26276815 -0.06655884 -0.00670982 ...  1.70532691 -0.06234014
 -0.13145106]","[-3039.05444336 -3039.05444336 -3039.05444336 ... -3039.0390625
 -3039.05444336 -3029.51513672]",[0.14269166 0.14255074 0.1425554  ... 0.20185564 0.2091054  0.65114039],[        11         11         11 ... 1000010020 1000010030         22],[ 0 -2 -2 ... -2 -2 -2],[0.00088259 0.0008496  0.0007716  ... 0.00736404 0.03205481 0.000511  ]
6,"[-0.00816216  0.00114443  0.00303304 ...  0.00128126 -0.00408509
  0.00117265]","[-0.02324894  0.00271343 -0.0034322  ...  0.00366373  0.00414668
 -0.00511287]",[0.06753412 0.00831584 0.00471285 ... 0.00423925 0.01971133 0.00347481],"[-0.26119326  0.30095832  0.14372586 ... -0.25875746 -0.57665656
  0.21186493]","[-0.63620748  1.22949068 -1.23590257 ...  2.00921265  0.0975971
 -1.29789355]","[-3039.05444336 -3039.05444336 -3040.20458984 ... -3040.20458984
 -3038.66918945 -3040.20458984]",[0.17088905 0.17448081 0.17100814 ... 0.1713642  0.19663832 0.174325  ],[ 11  11  11 ... -11  11  11],[ 2 -2 -2 ... -2 -2 -2],[0.00099738 0.00097879 0.00125295 ... 0.00110767 0.00048417 0.00075651]
7,"[ 0.00673432 -0.00191949 -0.00095974 ... -0.00064043  0.00610741
  0.00100628]","[ 0.00367551 -0.00065713  0.00101725 ... -0.00014026 -0.00029167
  0.00162243]",[0.01010845 0.00155458 0.0006213  ... 0.00059239 0.00912104 0.00103065],"[ 0.72708044 -1.03100159 -1.92998907 ...  0.01699803  3.16744152
  0.28184277]","[ 0.2588285  -0.72783445 -0.61836717 ...  0.95307439  1.81688783
  0.51119111]","[-3039.05444336 -3040.20458984 -3040.04931641 ... -3029.52124023
 -3040.20458984 -3040.20458984]",[0.25720704 0.2676059  0.32745844 ... 0.63490629 0.25700933 0.25943008],[ 11  11  11 ...  11 -11 -11],[ 7 -2 -2 ... -2 -2 -2],[0.00100854 0.0009929  0.0011024  ... 0.00050972 0.00361863 0.00041906]
8,"[ 0.01396683 -0.00840319 -0.00344967 ...  0.0011565   0.17401029
  0.04637625]","[-9.61203873e-03  5.37514500e-03 -1.95168320e-03 ...  4.07246361e-03
 -3.43976557e-01 -1.74552668e-04]",[0.39792591 0.02699551 0.0039226  ... 0.00203435 0.30259982 0.03285936],"[ 0.11194637 -0.34270612 -1.33296245 ...  2.0031862   2.94808243
  7.50614304]","[-0.72146921 -0.52309363  1.2061412  ...  3.43196114 -7.13082162
  0.54440595]","[-3039.05444336 -3039.05444336 -3030.40893555 ... -3029.14282227
 -3029.2590332  -3019.46337891]",[0.10435248 0.10461231 0.45512173 ... 0.50503564 0.55194378 7.14073992],[  11   11   11 ...   11  211 2112],[   0   -2   -2 ...   -2 2383   -2],[0.0010599  0.00122736 0.00154029 ... 0.00084577 0.00137433 0.00025916]
9,"[ 0.0194385   0.00148789  0.00150383 ... -0.00204625  0.00024974
  0.03054584]","[-0.02163791 -0.00372603  0.00380447 ... -0.00705564 -0.00165696
  0.00642561]",[0.1333669  0.03276046 0.00944805 ... 0.00223464 0.00088427 0.03048366],"[ 0.15698702  0.03976188  0.09938506 ... -0.66217649 -1.18801769
  1.34673581]","[-0.40995702 -0.43412607  0.01885716 ... -0.89060634 -1.99584004
  0.28387526]","[-3039.05444336 -3039.05444336 -3039.05444336 ... -3040.20458984
 -3040.20458984 -3039.21582031]",[0.15141656 0.15131757 0.15116985 ... 0.16005559 0.22594264 0.66031981],[  11   11   11 ...   11   11 2112],[ 2 -2 14 ... -2 -2 -2],[0.00102228 0.00083163 0.0012974  ... 0.00048815 0.0001773  0.0010125 ]
10,"[-0.0305341  -0.00191872  0.00131795 ... -0.0017743  -0.00413255
  0.0110205 ]","[-0.00232362  0.00089822  0.00156446 ...  0.00041667 -0.06264353
 -0.05500986]",[0.01840804 0.00065026 0.00360119 ... 0.00034706 0.01986861 0.01270938],"[-2.49759524 -3.84304278  1.12696941 ... -7.67987649 -4.85655045
  1.12074943]","[-0.60704805 -0.7628326   1.49468575 ...  1.97086058 -4.15434315
 -5.41306295]","[-3039.05444336 -3038.31665039 -3039.05444336 ... -3039.05444336
 -3029.2590332  -3039.05444336]",[0.24110283 0.33288395 0.24583532 ... 0.38199404 3.70465398 2.17981029],[  11   11   22 ...   22 2112 2112],[-2 -2 -2 ... -2 -2 -2],"[1.65641529e-03 6.08351897e-04 1.72841350e-08 ... 1.72841350e-08
 5.30547404e-05 1.51590182e-04]"
11,[0.00319821 0.00776974 0.00769452 ... 0.00215585 0.00135069 0.01932502],"[-0.00100941  0.00143161  0.0108076  ... -0.00061388 -0.00129047
 -0.02473929]",[0.0242176  0.01449279 0.00871529 ... 0.00378216 0.00171432 0.03090158],[0.20130496 0.93560319 0.83291857 ... 1.40785222 2.24310022 3.57394463],"[-0.54849374 -0.7192507   0.76596339 ... -0.51592979 -1.27192931
 -5.82700306]","[-3039.05444336 -3039.05444336 -3039.05444336 ... -3039.05444336
 -3038.39819336 -3029.2590332 ]",[0.26058328 0.26445809 0.26569635 ... 0.27730766 0.3535195  5.98120165],[  11   11   11 ...   22   11 2112],[-2 -2  9 ... -2 -2 -2],"[8.28434830e-04 9.38626938e-04 1.26332173e-03 ... 1.72841350e-08
 2.07544933e-03 1.77632301e-05]"
12,"[ 0.00233857 -0.00044378 -0.00078184 ... -0.00154223 -0.00066462
 -0.00018877]","[ 0.00402512 -0.00084526 -0.00094542 ...  0.00153265  0.00148016
  0.00027136]",[0.01455654 0.0023972  0.00237763 ... 0.00123703 0.00030269 0.00062684],"[ 1.18739786 -0.60042003 -0.8222569  ... -5.98276327 -6.1151509
 -0.40982471]","[ 0.70989013 -1.1454433  -1.49952284 ...  4.69454384  5.35099411
  3.31092024]","[-3038.12451172 -3039.55493164 -3038.79882812 ... -3039.05444336
 -3039.06762695 -3038.4362793 ]","[3.11403930e-01 2.46490702e-01 2.93142021e-01 ... 3.60906571e-01
 4.23704654e-01 1.87098228e+12]",[11 22 11 ... 22 11 11],[-2 -2 -2 ... -2 -2 -2],"[1.55408910e-04 3.67455068e-04 2.21284432e-03 ... 1.72841350e-08
 1.21681450e-03 3.62683000e-04]"
13,"[-1.96198189e+00 -2.47234828e-04  7.28035375e-05 ... -2.83946632e-04
 -1.92845939e-03  3.68077337e-04]","[-1.36459231e+00 -3.59354168e-03 -1.59455405e-03 ...  4.14467213e-04
 -2.63735186e-03  4.15352639e-04]","[3.02958221e+02 1.22594452e-02 6.79204892e-03 ... 9.33333868e-05
 2.27528973e-03 4.20758704e-04]","[-0.09207106 -0.13052576  0.02218946 ...  1.5854551  -0.35391452
 -7.44001935]","[ 0.21803944 -0.02491022 -0.83170913 ...  0.34478517 -0.99796096
  1.7424879 ]","[-3039.05444336 -3038.47802734 -3029.71337891 ... -3029.91333008
 -3030.40893555 -3038.51171875]","[3.59117612e-02 7.43695870e-02 3.65133703e-01 ... 6.05688095e-01
 3.69786084e-01 9.44453976e+11]",[11 11 22 ... 22 11 11],[ 0 -2 -2 ... -2 -2 -2],[0.00081475 0.00047933 0.00038928 ... 0.000511   0.0004518  0.0003528 ]
14,"[-0.00407573 -0.07264576 -0.00063253 ...  0.00133053 -0.00055843
  0.00037552]","[ 0.00418889 -0.02379207  0.00134927 ... -0.00020467  0.00012325
 -0.00021005]","[1.23964235e-01 1.48720419e+00 2.35359394e-03 ... 4.60046431e-04
 4.29072243e-04 2.75654427e-04]","[ 0.13746374  0.0986297  -0.44215308 ...  0.84394526  0.95272647
  0.90647196]","[ 0.02438208 -0.01966993  0.72148474 ...  0.29146179  0.62392481
  0.65026208]","[-3039.05444336 -3039.05444336 -3029.2590332  ... -3040.20458984
 -3040.19921875 -3040.19360352]",[0.11867653 0.11866114 0.44948721 ... 0.12962258 0.1925662  0.19902489],[ 11  11  22 ... -11 -11  22],[ 0  2 -2 ... -2 -2 -2],"[8.76443810e-04 7.98239547e-04 1.72841350e-08 ... 5.12073108e-04
 3.67781351e-04 5.10998885e-04]"
15,"[3.62750697e+00 9.00144875e-03 6.23209961e-03 ... 1.02927879e-04
 3.62561492e-04 8.13067425e-04]","[-1.86786079e+01 -1.92965362e-02  1.45530721e-04 ... -3.33054166e-04
 -3.42304097e-03  2.28204764e-03]","[3.02347412e+02 1.09672695e-01 4.82063042e-03 ... 1.96002380e-04
 5.07553015e-03 9.20494844e-04]","[-0.08689838  0.08490572  2.26261578 ... -0.6205745  -0.10507276
 -0.1095685 ]","[-0.25276188 -0.42365809 -1.00560089 ... -0.29448934  0.91154409
  2.04921798]","[-3039.05444336 -3029.2590332  -3030.40893555 ... -3030.38671875
 -3030.40893555 -3030.40893555]",[0.0302983  0.35816416 0.36265698 ... 0.36686394 0.35932437 0.58550483],[ 11  11  11 ...  11 -11 -11],[ 0  4 -2 ... -2 -2 -2],[0.00082006 0.00091871 0.00219312 ... 0.00013789 0.0021458  0.00012934]
16,"[-0.00347338  0.00056166 -0.00335733 ...  0.00079737  0.00054684
  0.03624728]","[-0.00257958 -0.01008429 -0.00304355 ... -0.00184295 -0.00206295
  0.0241304 ]",[0.00097688 0.03454056 0.01750285 ... 0.00140031 0.00094041 0.06435543],"[-0.39904317  0.20171644 -0.05973874 ...  1.05639865  1.22842838
  0.94272436]","[-0.45355281 -0.52444037 -0.50108966 ... -1.8881199  -2.86076161
  0.74030772]","[-3040.20458984 -3039.05444336 -3039.05444336 ... -3039.36450195
 -3038.97387695 -3039.05444336]",[0.17747636 0.16968054 0.16946854 ... 0.18976727 0.28774655 0.17022569],[ 11  11  11 ...  22  11 -11],[ 0  2 -2 ... -2 -2 -2],[0.00040088 0.00088411 0.00102466 ... 0.00057156 0.00187653 0.00128862]
17,"[ 0.05535759  0.00029438  0.00023651 ...  0.00019646  0.00017036
 -0.01145182]","[-1.21240318e-02 -2.36508989e-04 -4.89009195e-04 ... -1.85437912e-05
 -4.76136134e-04  9.59889684e-03]","[4.61502016e-01 2.11847923e-03 2.65938899e-04 ... 3.91640526e-04
 7.34320711e-05 4.74111103e-02]","[-0.02595697 -0.09185372  0.03137304 ... -4.61080811 -4.62153218
 -1.98317556]","[-0.03164599 -0.26614512 -0.39967008 ...  1.3827626   1.32687853
  1.51753359]","[-3039.05444336 -3029.2590332  -3028.53808594 ... -3029.33398438
 -3029.35546875 -3030.40893555]",[0.18859161 0.51825815 0.58165067 ... 0.62444299 0.62979001 2.44524932],[  11   22   11 ...   11   22 2112],[ 0 -2 -2 ... -2 -2 -2],"[9.68986307e-04 1.72841350e-08 2.80778477e-04 ... 1.62383862e-04
 5.10998885e-04 2.37443703e-04]"
18,"[-0.0113981   0.00039477  0.00811665 ...  0.00126632  0.00143001
 -0.03628721]","[-0.00791263 -0.00010504 -0.00257064 ...  0.00018256  0.00010661
 -0.01628913]",[0.01508922 0.0068151  0.01107317 ... 0.00071786 0.00086141 0.04309979],"[-3.62164229 -1.03020283  3.18144137 ...  6.5600279   7.77025825
 -2.29558354]","[-3.39531768 -1.38614929 -1.99443472 ...  0.23041198  0.27798566
 -0.424548  ]","[-3040.20458984 -3040.20458984 -3040.20458984 ... -3039.70019531
 -3039.09155273 -3039.05444336]","[ 0.14664276  0.14421429  0.15832049 ...  7.54790545  7.6166544
 14.92321968]",[  11   11   11 ...   22   11 2112],[ 0 -2  4 ... -2 -2 -2],"[4.07337630e-03 1.91352598e-03 3.24462517e-03 ... 2.28918943e-04
 1.23812340e-03 4.25068647e-05]"
19,"[ 0.00571541  0.00169437  0.00677392 ... -0.04009987  0.00057414
  0.01385015]","[ 0.0130184  -0.00206601 -0.00342997 ...  0.16527747  0.00157027
  0.07250145]",[0.29105508 0.00486264 0.01407638 ... 0.20086221 0.00134556 0.1262207 ],"[-0.33593326  0.5590279   0.54418467 ... -6.74848856 -6.25713314
 -7.77732967]","[ 0.07765247 -1.5900511  -0.93763232 ... -0.01218113 -0.37403044
  4.58772357]","[-3039.05444336 -3030.40893555 -3029.2590332  ... -3029.2590332
 -3029.09301758 -3020.29443359]",[0.05152955 0.37996545 0.38138187 ... 0.50684035 0.54626584 1.73570848],[  11   11   11 ... -211   11 2212],[   0   -2   -2 ... 2687   -2   -2],[0.00089378 0.00148149 0.00103544 ... 0.00128082 0.00169514 0.01132491]
20,"[-1.09525770e-03  2.82762834e-04 -7.91847342e-05 ...  1.32050226e-03
 -5.37683256e-04 -5.71329333e-03]","[ 5.62452187e-04 -3.35399294e-04 -2.66160987e-05 ... -8.06639786e-04
  1.12951314e-03 -2.44864877e-02]",[0.00278363 0.00090872 0.00090687 ... 0.00072378 0.00049327 0.04459617],"[-0.70922613 -2.75896906 -2.70940768 ...  4.64911676 -0.3127867
  0.30119503]","[-1.53318497  3.30413147  3.24534425 ... -2.58896092  0.10317889
  0.07107981]","[-3039.78955078 -3030.24975586 -3030.09033203 ... -3030.37890625
 -3040.20458984 -3029.25927734]",[0.0879047  0.4485082  0.46030739 ... 0.60554683 0.12297551 0.45519111],[        11         22         11 ...         11        -11 1000080160],[-2 -2 -2 ... -2 -2 -2],"[2.57536792e-03 4.75793349e-04 5.33278857e-04 ... 1.27208012e-03
 1.38457457e-04 8.79833751e-05]"
21,"[ 1.99904963e-01 -1.37090872e-04 -6.94208895e-04 ...  7.78594927e-04
  1.03846029e-03 -1.58874918e-05]","[-2.69535780e-02 -2.56446045e-04 -2.75472878e-04 ... -6.58921781e-04
 -4.67674137e-04 -1.41092523e-05]","[1.73644388e+00 1.73626945e-03 1.13136147e-03 ... 8.78693012e-04
 4.64279699e-04 3.01263586e-04]","[ 0.54814189 -1.06369671 -1.10604648 ...  1.25346801  1.91821882
  5.44662815]","[-0.19438745 -0.79477522 -0.87399587 ... -1.66674313 -2.22931894
  3.13842784]","[-3039.05444336 -3029.87255859 -3029.33618164 ... -3029.65869141
 -3028.90869141 -3038.23291016]","[7.34749660e-02 4.03684318e-01 4.39965039e-01 ... 4.20976311e-01
 4.97658461e-01 4.61074203e+11]",[11 22 11 ... 22 11 11],[ 0 -2 -2 ... -2 -2 -2],"[1.02062407e-03 8.22689035e-04 9.37762670e-04 ... 5.25447424e-04
 8.20839836e-04 8.25759489e-05]"
22,"[-1.11628994e-02 -1.25723043e-02 -6.85062725e-03 ... -9.85379156e-05
 -2.94032274e-04  8.12414684e-04]","[-5.82853518e-03 -1.40705016e-02  1.68141667e-02 ... -6.91508467e-05
 -4.07233980e-04 -1.85638070e-02]","[5.61718866e-02 2.17724610e-02 5.55995777e-02 ... 5.77725004e-04
 9.39435777e-05 4.73502353e-02]","[ 0.01827296 -0.98383669 -0.04746667 ...  0.6143411   0.54632356
  3.36338582]","[-0.26650637 -1.1301167   0.48556864 ...  0.39353228  0.46103841
 -7.61855121]","[-3039.05444336 -3039.05444336 -3039.05444336 ... -3040.18115234
 -3040.15795898 -3009.66796875]","[ 0.26333812  0.26868609  0.26435027 ...  0.29927438  0.31749636
 18.0149231 ]",[  11   11   11 ...  -11   22 2112],[ 0 -2 -2 ... -2 -2 -2],[0.00089456 0.00167471 0.00095646 ... 0.00026963 0.000511   0.00014026]
23,"[-0.21747185  0.00249909 -0.00045085 ... -0.05188401  0.02609248
 -0.00068859]","[-1.70419123e-02 -4.82540199e-04 -8.69680080e-05 ...  4.11566533e-03
 -4.53473022e-03 -8.26995092e-05]","[3.10663414e+00 1.62120117e-03 1.78378701e-04 ... 4.44751605e-02
 3.91607769e-02 3.67960194e-04]","[ 0.22625293  1.40824832 -4.75043807 ... -5.91151413 -7.69872131
 -6.93267574]","[ 0.11469319 -0.20985378 -2.8629697  ...  0.2741387  -5.90272671
 -6.03586155]","[-3039.05444336 -3040.20458984 -3038.44677734 ... -3030.40893555
 -3009.66821289 -3008.51855469]","[4.20448966e-02 4.45855185e-02 4.69163030e-01 ... 4.50220013e+00
 1.25581560e+01 3.11890739e+11]",[  11   11   11 ... 2112 2112   11],[ 0 -2 -2 ... -2 -2 -2],[0.00097231 0.00065257 0.00019877 ... 0.000541   0.00118865 0.00042576]
24,"[ 3.15747596e-03  2.57050316e-03 -2.75254388e-06 ... -3.70234658e-04
  5.59957959e-02 -3.95788439e-02]","[-2.43526581e-03 -2.81474291e-04  6.40430080e-05 ... -6.26025896e-04
 -2.18567774e-02 -7.71785527e-03]",[0.31803626 0.09168857 0.00263176 ... 0.00232735 0.1432341  0.08043585],"[-0.46313548 -0.4300586  -0.45384109 ...  0.29955272 -0.28384827
 -2.09354574]","[-0.01224865 -0.05850498  0.02005278 ... -1.92518379  2.198221
 -0.36509432]","[-3039.05444336 -3039.05444336 -3039.05444336 ... -3020.56738281
 -3028.98291016 -3020.61352539]",[0.10020471 0.10020559 0.10020628 ... 0.76606393 0.49624109 2.55890536],[        11         11         22 ...         11 1000010020       2112],[ 0 -2 -2 ... -2 -2 -2],"[9.84719372e-04 8.39875545e-04 1.72841350e-08 ... 5.62592584e-04
 6.42137323e-03 1.01877353e-03]"
25,"[ 1.48512113e+00  1.34732099e-02  2.63472483e-03 ...  5.88069065e-03
  2.08523459e-04 -5.57670705e-02]","[ 3.54948878e-01 -7.19552580e-03 -1.14748976e-03 ... -1.98366214e-03
 -7.48850434e-05 -1.95113569e-02]","[6.41894836e+01 1.13608912e-01 1.39949459e-03 ... 7.24328402e-03
 8.78830033e-04 3.22007127e-02]","[ 0.11624542  0.12095285  1.0267253  ...  1.78396565 -4.00766405
 -4.35745316]","[ 0.20483515 -0.03116904  0.01240649 ... -2.09602652  0.20421106
 -1.93641816]","[-3039.05444336 -3029.2590332  -3030.40893555 ... -3030.40893555
 -3019.48852539 -3030.40893555]",[0.09146113 0.41830945 0.43396917 ... 0.42465541 0.81698179 1.80056643],[  11   11   11 ...   11   11 2112],[ 0  2  6 ... -2 -2 -2],[0.00088723 0.0008565  0.00059589 ... 0.00211942 0.00052946 0.00025519]
26,"[-4.60271716e-01 -5.98180629e-02  6.42774336e-04 ... -2.85664224e-03
 -5.13120438e-04  3.95111740e-04]","[ 1.97924718e-01  1.22390222e-02 -6.13463169e-04 ... -6.17631376e-05
 -1.35043214e-04 -2.52074242e-04]","[3.02039838e+00 3.88723612e-01 5.42789581e-04 ... 6.47348771e-03
 1.11667300e-03 2.03629999e-04]","[-0.00616012 -0.01123486  3.84614445 ... -1.08015608 -1.30684994
 -1.67902707]","[ 0.01534873 -0.04126388 -3.97727185 ... -0.09325772  0.0334397
  0.07929427]","[-3039.05444336 -3039.05444336 -3029.78857422 ... -3028.39331055
 -3028.71923828 -3028.76074219]",[0.11737402 0.11737306 0.52218735 ... 0.51448321 0.51448321 0.57927102],[ 11  11  22 ...  11 -11  22],[ 0 17 -2 ... -2 -2 -2],[0.00081902 0.00079433 0.00044335 ... 0.0004035  0.00082676 0.000511  ]
27,"[-2.95176536e-01  6.25122059e-03 -1.10040928e-04 ... -1.82766467e-04
 -5.80135675e-04 -1.19625600e-02]","[-0.1077689  -0.00994313 -0.00057965 ... -0.00026383 -0.00031145
 -0.00865792]","[4.46994114e+00 2.88093425e-02 9.39940219e-04 ... 1.43921643e-03
 1.33258954e-03 5.17024584e-02]","[ 0.36989184  0.1540104  -0.15466334 ...  0.31362675  0.21201717
 -4.82338649]","[-0.10121969 -0.44398546 -1.27472663 ... -0.31408489 -0.44674576
 -5.62172999]","[-3039.05444336 -3029.2590332  -3030.19140625 ... -3029.98974609
 -3029.49804688 -3010.81811523]","[ 0.11048325  0.4398436   0.44938985 ...  0.44308138  0.47174445
 19.07899857]",[  11   11   22 ...   22   11 2112],[ 0 -2 -2 ... -2 -2 -2],[0.00133521 0.00109426 0.00052302 ... 0.00041379 0.00106078 0.00027496]
28,"[ 0.05571764 -0.00032919 -0.00063721 ... -0.07495692 -0.03270187
 -0.02276836]","[ 0.04059532 -0.00623509 -0.00048658 ... -0.05665135 -0.11017954
 -0.0288624 ]",[0.32902992 0.00799808 0.00221926 ... 0.06897035 0.0501882  0.03844025],"[-0.01200218 -0.50475285  0.07346227 ... -1.37910701 -0.38848565
 -5.71175889]","[ 0.04038805 -1.35193621 -0.15536304 ... -1.33833551 -1.63918357
 -3.71508769]","[-3039.05444336 -3030.40893555 -3030.29614258 ... -3029.2590332
 -3030.40893555 -3019.46337891]",[0.10135698 0.43081722 0.43044171 ... 0.65100402 0.74048704 5.2214179 ],[  11   11   11 ... 2112 2112 2112],[ 0 -2 -2 ... -2 -2 -2],"[8.07385484e-04 1.05896720e-03 1.90333975e-03 ... 1.60432464e-04
 1.11222919e-03 2.24280975e-05]"
29,"[-0.01671284  0.00223744  0.01069321 ... -0.00130256  0.00011734
 -0.00074063]","[-0.00788758 -0.00378473 -0.00235132 ...  0.00042534  0.00011589
  0.00029992]",[0.03477446 0.02417658 0.08605807 ... 0.00832526 0.00020532 0.00051029],"[-0.77023856  0.05921026  0.06861468 ... -0.04547051  4.79349812
  1.30149563]","[-0.43397367 -0.43243921 -0.14112324 ...  0.50366298 -0.84612334
 -5.81014168]","[-3039.05444336 -3039.05444336 -3039.05444336 ... -3039.05444336
 -3038.66186523 -3039.93041992]","[1.59226388e-01 1.58570364e-01 1.58531517e-01 ... 1.58578932e-01
 2.88386822e+00 7.49424968e+10]",[ 11  11  11 ... -11  11  11],[ 0 -2 -2 ... -2 -2 -2],"[1.09587715e-03 1.06520136e-03 9.31461633e-04 ... 9.57362936e-04
 6.38710917e-05 5.66037081e-04]"
30,"[-3.87872434e+00 -4.56769299e-03 -3.98713863e-03 ... -1.43074300e-02
 -3.02005913e-02 -8.02406066e-05]","[ 8.46336722e-01 -1.15660927e-03 -3.02269915e-03 ... -1.77172367e-02
  2.45386250e-02 -4.77638445e-04]","[2.45384808e+01 1.43198448e-03 1.32502206e-02 ... 3.72212604e-02
 2.01524943e-02 1.76253117e-04]","[ 0.21529056 -0.45047324 -0.31259247 ...  7.13440064 -6.38580295
 -6.71632549]","[ 0.35969837  0.11015297 -0.78356941 ...  2.01565965  5.03138433
  5.29994092]","[-3039.05444336 -3040.20458984 -3029.2590332  ... -3029.2590332
 -3020.39306641 -3020.17236328]","[5.35764396e-02 6.09357022e-02 3.85345429e-01 ... 9.96519184e+00
 7.38023281e+00 3.87405349e+11]",[  11   11   11 ... 2112 2112   11],[ 0 -2 -2 ... -2 -2 -2],"[9.65953805e-04 4.43304947e-04 1.15233217e-03 ... 9.28294185e-07
 1.02142757e-03 2.14784872e-04]"
31,"[ 5.82210660e-01 -3.31427902e-04  4.80564457e-04 ... -1.50410313e-04
 -2.27406825e-04  7.46544525e-02]","[ 4.45328474e+00 -3.97615600e-03 -1.76120119e-03 ...  1.39706113e-04
  5.85725880e-04  1.36568978e-01]","[4.25669212e+01 5.48860058e-03 4.20086319e-03 ... 1.28643494e-03
 9.57242097e-04 3.97092514e-02]","[ 0.1573753  -0.43464449  2.11831504 ... -0.41721383 -0.42210308
  1.66355806]","[ 0.40802337 -4.34262084 -4.4746828  ... -0.02327393 -0.0187326
  5.29978491]","[-3039.05444336 -3029.2590332  -3028.90966797 ... -3030.3671875
 -3030.32543945 -3029.50830078]",[0.02865951 0.38244539 0.43105665 ... 0.35802025 0.3608453  2.73079515],[        11         22         11 ...         22         11 1000050110],[ 0 -2 -2 ... -2 -2 -2],"[7.77251495e-04 4.04849999e-07 4.09781234e-03 ... 5.59827487e-04
 7.42883421e-04 1.25820504e-03]"
32,"[ 0.00405019 -0.00096843 -0.00107533 ... -0.00062278 -0.00488175
  0.01541879]","[-4.59430157e-04 -1.19380944e-03 -1.44051609e-03 ... -6.80333935e-04
 -2.43630693e-05 -1.52816037e-02]",[0.07542738 0.00307762 0.00074828 ... 0.00101493 0.00502521 0.05807526],"[ 0.02978337 -0.4691636  -0.90949423 ... -3.25992687 -5.27215297
  7.69986145]","[ 0.1056284  -0.80824562 -1.63668987 ...  1.2155443   0.39677367
 -5.71221993]","[-3039.05444336 -3030.40893555 -3030.40893555 ... -3010.39160156
 -3029.2590332  -3009.66796875]","[ 0.1506774   0.47922054  0.54727113 ...  1.19165957  0.4831056
 13.69549179]",[  11   11   11 ...   11  -11 2112],[ 0 -2 -2 ... -2 -2 -2],[0.00087002 0.00066671 0.00015923 ... 0.00095253 0.00579288 0.00014107]
33,"[ 3.08769592e-03  7.40841497e-05 -6.64427671e-06 ...  2.64453120e-04
  6.54374817e-05  9.83823207e-04]","[-3.04520894e-02  4.87203069e-04 -4.02200385e-05 ...  1.49077416e-04
 -1.16254974e-04  1.36806426e-04]","[3.16332191e-01 9.62597434e-04 9.24652559e-04 ... 4.11047862e-04
 4.23938909e-04 1.15654329e-04]","[ 0.13175341  1.17081244  1.2354622  ... -5.88095282  0.19967387
  0.19967387]","[2.21274073e-04 3.03716873e+00 3.46232787e+00 ... 4.67220082e+00
 3.42770853e+00 3.42770853e+00]","[-3039.05444336 -3029.5690918  -3028.72900391 ... -3040.05419922
 -3039.12158203 -3039.12158203]","[2.21916541e-01 5.70326388e-01 6.33283019e-01 ... 5.80798209e-01
 8.61335552e+10 8.61335552e+10]",[  11   22   11 ...   22   11 2212],[ 0 -2 -2 ... -2 -2 -2],"[9.59875993e-04 5.35166007e-04 5.46244672e-04 ... 5.10998885e-04
 1.66231737e-04 5.32894376e-07]"
34,"[-1.58254802e+00 -2.99055390e-02  5.77953877e-04 ... -5.42192394e-03
  2.03828067e-02 -8.65776744e-03]","[-1.48598146 -0.01237621  0.00270575 ... -0.01109631 -0.05081077
  0.00711027]","[1.39811192e+01 3.98513861e-02 3.95486970e-03 ... 1.24033913e-02
 2.81358417e-02 4.62190472e-02]","[ 0.08345294 -0.8841519  -2.1493462  ...  0.12890887  0.20690876
 -2.73515304]","[ 0.01220572 -0.62112288 -1.02421741 ... -2.33124611 -5.00490972
 -6.55052404]","[-3039.05444336 -3029.2590332  -3029.91137695 ... -3039.05444336
 -3039.97167969 -3029.2590332 ]",[0.12630641 0.46037889 0.70945501 ... 0.16732982 3.389889   5.80987787],[  11   11   11 ...  -11 2212 2112],[ 0  3  3 ... -2 -2 -2],"[9.56971548e-04 1.03855506e-03 4.34258021e-03 ... 1.09999964e-03
 2.01687263e-03 2.14671018e-05]"
35,"[-4.94399515e-04  5.94866404e-04  7.20950557e-05 ...  1.22399479e-02
  1.45230719e-04 -2.06441982e-04]","[-0.00075624 -0.00722716 -0.00726608 ... -0.00046193  0.00013764
 -0.0003974 ]",[0.0030645  0.01804126 0.05830529 ... 0.01504661 0.00204428 0.00037854],"[-1.18567706  0.11032885  0.10772695 ...  1.21124815  0.33915137
  0.29169404]","[-0.15243854 -1.25373991 -0.10856705 ...  0.47771423  0.47084506
  0.37083472]","[-3039.42480469 -3039.05444336 -3039.05444336 ... -3039.05444336
 -3039.05444336 -3038.82666016]",[0.21025249 0.19062789 0.18942167 ... 0.19195651 0.18956174 0.23574349],[ 11  11  11 ... -11  22  11],[  -2   -2   -2 ... 1724   -2   -2],"[2.72452645e-03 1.28124538e-03 1.80277717e-03 ... 1.07688922e-03
 4.04849999e-07 2.66791176e-04]"
36,"[ 0.00029655  0.00144936  0.00093115 ...  0.0001166   0.00017771
 -0.03577995]","[-2.10854597e-03 -3.86303465e-04  3.50122224e-04 ...  1.26990213e-04
  7.09962769e-05  7.51972497e-02]",[0.00194454 0.00138984 0.00076818 ... 0.0002857  0.00047381 0.01522664],"[ 0.00332279  0.45817299  1.43766805 ... -1.98985296  3.12997265
 -2.37237745]","[-1.07225897 -1.87924437  0.87620141 ... -5.38795479 -1.24362655
 -4.0899355 ]","[-3040.20458984 -3040.20458984 -3039.49243164 ... -3028.68945312
 -3040.12988281 -3029.26269531]",[0.25968117 0.30221954 0.27000663 ... 0.70057839 0.45805669 0.65017408],[        11         11         22 ...         11         22 1000060130],[-2 -2 -2 ... -2 -2 -2],"[3.78958764e-04 3.04232235e-04 3.97797034e-04 ... 9.93018548e-05
 5.10998885e-04 2.95908219e-04]"
37,"[-0.0088311   0.00730411  0.00045068 ...  0.00152032 -0.09394295
  0.05765753]","[ 0.0041683  -0.00427709 -0.00025011 ...  0.00084743 -0.03461301
  0.01237354]",[0.02296581 0.02440145 0.00463705 ... 0.00105492 0.00012382 0.0357235 ],"[-0.90327089  0.3060937   0.12799424 ...  1.80828411 -0.10318635
 -0.08456851]","[-0.00823099 -0.75614749  0.10134564 ...  1.09071506  0.64353378
  0.64846779]","[-3039.05444336 -3039.05444336 -3039.05444336 ... -3039.71289062
 -3038.42407227 -3038.41210938]",[0.23613025 0.23650116 0.23500781 ... 0.27311268 0.29607794 0.29607794],[        11         11         22 ...         11 1000060120       2212],[ 9 -2 -2 ... -2 -2 -2],"[9.90847358e-04 9.39284393e-04 1.72841350e-08 ... 1.58744934e-03
 4.48468636e-04 2.52979062e-03]"
38,"[ 0.00158629 -0.00351894 -0.00162083 ... -0.00050847 -0.09525165
  0.00915926]","[ 1.48780213e-03 -2.33564153e-03  2.62453314e-03 ...  4.58217000e-05
  7.45313838e-02  3.05963438e-02]","[1.57930225e-03 2.75658327e-03 1.55994156e-03 ... 2.17947054e-05
 3.07639278e-02 2.88518313e-02]","[ 2.87885991 -0.67390361 -3.55227336 ... -5.98562082 -1.98365566
  0.32802353]","[-1.14513636 -1.31070197 -2.28085888 ... -0.44931591  1.01247012
  0.09155084]","[-3040.1706543  -3040.20458984 -3040.1887207  ... -3039.8359375
 -3038.47167969 -3038.11450195]",[0.26659545 0.24060605 0.35310861 ... 0.63363606 0.31360471 0.3016293 ],[        11         11         11 ...         22 1000060120 1000070140],[-2 -2 -2 ... -2 -2 -2],"[2.22490728e-03 1.05361815e-03 2.98325461e-03 ... 5.10998885e-04
 6.96819916e-04 7.10284658e-05]"
39,"[ 0.03581076  0.02792375  0.00310823 ...  0.01619283  0.11582828
 -0.00020653]","[ 0.00989389 -0.0509411  -0.02495025 ... -0.02050277 -0.11836407
  0.00060031]","[7.44731724e-02 2.81576544e-01 6.35494962e-02 ... 1.25652954e-01
 9.81472909e-01 1.78245798e-04]","[ 0.68889805  0.24755727  0.21760496 ...  0.28060871  0.27020054
 -0.21786878]","[ 0.24403891 -0.08703017 -0.43982798 ...  0.02076367  0.02084583
 -4.90914848]","[-3039.05444336 -3039.05444336 -3039.05444336 ... -3039.05444336
 -3039.05444336 -3039.80737305]","[9.61454511e-02 9.58491191e-02 9.61692780e-02 ... 9.57424119e-02
 9.57260430e-02 6.93607727e+11]",[ 11  11  11 ... -11  11  11],[   0    5   12 ... 2705 2710   -2],[0.00153428 0.00102879 0.00209232 ... 0.00116047 0.00105407 0.00032322]
40,"[-0.00093821  0.00143553 -0.0180297  ...  0.00230931  0.00392407
 -0.03963123]","[-0.00135755 -0.00062631 -0.00721644 ...  0.00221383  0.00488763
 -0.02162271]",[0.00529292 0.00254454 0.01487374 ... 0.0190044  0.02087849 0.03490317],"[-0.62928117  0.72938719 -2.82716367 ...  0.10302767  0.32684055
 -2.5137944 ]","[-1.26089916 -0.9348048  -1.36842963 ...  0.50397798  0.64645466
  0.66279992]","[-3040.20458984 -3040.09350586 -3039.05444336 ... -3039.05444336
 -3039.05444336 -3040.20458984]",[0.17465624 0.18059506 0.18055411 ... 0.17436121 0.17463212 0.52936488],[  11   11   11 ...  -11  -11 2112],[-2 -2 -2 ... -2 -2 -2],[0.00137659 0.00252031 0.00211158 ... 0.00092077 0.0012886  0.00017385]
41,"[ 9.49867368e-01  2.46777246e-03 -4.10311972e-04 ... -1.53512368e-02
 -8.02664494e-04 -5.39340777e-03]","[ 7.27349222e-01 -1.55749603e-03  6.85061023e-05 ...  6.21399842e-04
  1.12610011e-04  1.99942593e-03]","[7.75877142e+00 1.18712301e-03 1.94325019e-03 ... 2.08397619e-02
 8.31327750e-04 4.16467199e-03]","[ 0.29313279 -1.01600405  0.1615623  ... -2.56097692 -2.73937243
 -3.67688125]","[-0.09874794 -3.26537972 -0.37755491 ... -0.01497201 -0.276837
 -1.1924851 ]","[-3039.05444336 -3030.40893555 -3030.32983398 ... -3039.05444336
 -3039.05444336 -3040.20458984]",[0.10298808 0.47031897 0.4464148  ... 0.12495056 0.12694521 0.12655371],[ 11  11  11 ... -11  22  11],[   0   -2   12 ... 1765   -2   -2],"[8.15012085e-04 2.95983569e-04 1.54092466e-03 ... 1.21515768e-03
 1.72841350e-08 2.52891937e-03]"
42,"[-4.48525727e-01  6.76056719e-04 -2.12059659e-03 ...  4.69842739e-02
  1.28831016e-04  1.36629632e-03]","[ 1.23346150e+00 -7.37074530e-04  7.67686015e-06 ... -4.06739712e-02
 -5.50396107e-05  2.93399033e-04]","[8.07358074e+00 7.04563456e-03 1.98305678e-03 ... 1.52471870e-01
 4.91419458e-04 1.26183347e-03]",[0.08164883 1.88739132 1.62930726 ... 2.68746852 7.93359565 1.57118451],"[-0.13820087 -2.67166866 -4.61846708 ... -2.75942348  1.88246323
 -2.75006722]","[-3039.05444336 -3030.40893555 -3030.40893555 ... -3029.89916992
 -3029.89672852 -3030.40893555]",[0.09274679 0.42661935 0.60528916 ... 0.72558272 0.96007752 0.4622463 ],[  11   11   11 ... 2212   22  -11],[   0   -2   -2 ... 2991   -2   -2],[0.00097419 0.0021996  0.00083889 ... 0.014337   0.000511   0.00048284]
43,"[ 0.00095925 -0.00135109 -0.00012897 ...  0.01484577 -0.05688765
  0.05557852]","[ 0.00050989 -0.00968749  0.00019636 ...  0.04253711 -0.01847647
  0.00075364]",[0.00112493 0.01448582 0.00256582 ... 0.00806016 0.04742629 0.04247426],"[ 4.94790383 -0.2044063  -0.01022176 ...  0.8402559   2.04482567
  4.55202388]","[ 0.21199173 -1.62074939 -0.0067904  ... -2.95297364 -5.54017429
  2.1958024 ]","[-3037.9934082  -3039.05444336 -3040.10107422 ... -3040.20458984
 -3020.61352539 -3019.46337891]","[ 0.29692906  0.13004844  0.12623748 ... 33.08847427  6.38646078
  5.86416674]",[  11   11   22 ... 2112 2112 2112],[-2 -2 -2 ... -2 -2 -2],"[1.13421434e-03 1.62458187e-03 8.55147839e-04 ... 3.05696631e-05
 5.10497484e-04 4.97946967e-05]"
44,"[ 0.0012168   0.00291087 -0.00049971 ... -0.00926504 -0.07125403
 -0.02874277]","[-0.00374571 -0.00091287 -0.00154256 ...  0.00689308  0.02540083
 -0.11227776]",[0.02913985 0.0040666  0.0066742  ... 0.0132826  0.00817052 0.01466745],"[-0.0451196  -0.15686496 -0.21202488 ... -3.61980946 -0.08760122
 -2.4275606 ]","[-1.13586479 -1.64013046 -0.82824006 ...  4.45249701 -0.09539922
  5.98474149]","[-3039.05444336 -3040.20458984 -3039.05444336 ... -3040.20458984
 -3029.26245117 -3028.13183594]",[0.21964872 0.22056447 0.21922907 ... 0.24157657 0.58449435 7.58572578],[        11         11         22 ...        -11       2212 1000020040],[ 6 -2 -2 ... -2 -2 -2],"[1.18685688e-03 7.74775515e-04 5.54564110e-07 ... 3.49645596e-03
 3.07992217e-03 1.83027086e-03]"
45,"[-0.00623807  0.00041679  0.00010265 ...  0.01320428  0.00838202
  0.00980292]","[-0.00817225  0.00055387  0.00103306 ... -0.02272042  0.00623765
  0.03228649]",[0.01257425 0.00241838 0.0011318  ... 0.0193384  0.01336569 0.04105944],"[-1.72884094  0.73041064  0.92424376 ...  2.81721062  6.19896621
  4.51258578]","[-3.55656302  1.0725986   1.35084201 ... -3.3342377  -7.00752604
  5.95457374]","[-3040.20458984 -3039.05444336 -3037.921875   ... -3040.20458984
 -3039.05444336 -3009.66796875]","[ 0.22126675  0.21011245  0.28872293 ...  0.21117385  0.55212545
 21.11624718]",[  11   22   11 ...   11   11 2112],[-2 -2 -2 ... -2 -2 -2],"[2.58662459e-03 1.72841350e-08 1.23415512e-05 ... 4.84500825e-03
 1.27033424e-03 1.50610467e-05]"
46,"[ 0.00262114 -0.00459537 -0.00025257 ...  0.00097247 -0.00218252
  0.00084865]","[ 0.01277009  0.01495566 -0.00160239 ... -0.00080669  0.00179755
 -0.00030312]",[0.2258999  0.08716925 0.00305451 ... 0.00149383 0.06385255 0.00043348],"[-0.05853539 -0.13981359 -0.34117191 ...  1.97733325 -0.11345594
  2.30144365]","[-0.05709201  0.03230417 -1.24303436 ... -2.48413472  0.02512014
 -4.89998067]","[-3039.05444336 -3039.05444336 -3040.20458984 ... -3029.84301758
 -3039.05444336 -3038.87231445]","[1.20813124e-01 1.20841779e-01 1.22294270e-01 ... 5.06154299e-01
 1.20796591e-01 4.60034146e+11]",[  11   11   11 ...   11  -11 2212],[ 0 -2 -2 ... -2 -2 -2],"[1.04622100e-03 8.47373973e-04 8.78625957e-04 ... 1.51115120e-03
 8.35801824e-04 5.32894376e-07]"
47,"[ 0.01270928  0.00156707  0.00891198 ...  0.007703   -0.00030978
 -0.04335144]","[-0.00222934 -0.00145955 -0.01019589 ...  0.00903759 -0.00015571
  0.02955712]",[0.02206039 0.02095302 0.05128357 ... 0.0086716  0.00037538 0.02517454],"[ 0.76950419 -1.25693779  0.21899634 ...  2.40534651  2.04328501
 -4.93284257]","[-0.16745401  1.61722316 -0.24431312 ...  2.44160986  1.88286125
 -0.07528211]","[-3039.05444336 -3029.2590332  -3039.05444336 ... -3040.20458984
 -3038.09741211 -3010.81811523]","[ 0.17307563  0.50337648  0.17228898 ...  0.17713161  0.40504262
 29.35004616]",[  11   11   11 ...  -11   22 2112],[ 4 -2 -2 ... -2 -2 -2],[0.00116735 0.0009143  0.00102826 ... 0.00274691 0.000511   0.00037506]
48,"[-0.00199842 -0.00601526 -0.00480782 ... -0.00153444 -0.00227655
  0.00036197]","[ 0.00240618 -0.00043983 -0.00138537 ... -0.00057811 -0.00010323
 -0.00023284]",[0.00684021 0.02530861 0.01490451 ... 0.00681907 0.00055204 0.00027546],"[-0.6339145  -0.28405841 -0.34840867 ... -1.88207601 -5.75221823
 -3.46980237]","[-0.02280628  0.11451428 -0.4163374  ... -0.06577882  0.13381526
 -0.17332959]","[-3039.05444336 -3039.05444336 -3039.05444336 ... -3039.80957031
 -3039.69628906 -3039.41479492]",[0.21379745 0.21378015 0.21446985 ... 0.21967989 0.46578971 0.60850775],[ 11  11  11 ... -11  11  22],[-2 -2 -2 ... -2 -2 -2],[0.00095574 0.00109197 0.00121591 ... 0.0046322  0.00188884 0.000511  ]
49,"[ 3.66012473e-03  6.00569665e-01  1.82755978e-03 ...  7.08847772e-03
 -5.74014348e-06  3.57863232e-02]","[ 5.34679042e-03 -1.29400837e+00 -1.78577274e-03 ... -5.70919877e-03
 -1.14539042e-02 -6.85372564e-04]","[1.30484616e-02 1.15232553e+01 3.66786122e-03 ... 5.12134917e-02
 9.16677620e-03 3.07744537e-02]","[ 0.28308736  0.05979197  0.64400536 ... -0.06529054  0.04436119
  7.68998197]","[ 0.46297159 -0.02813001 -1.83079314 ...  0.38978422 -0.82786487
  3.36579505]","[-3039.05444336 -3039.05444336 -3030.40893555 ... -3029.2590332
 -3039.05444336 -3019.75854492]",[0.1174456  0.11670228 0.46194986 ... 0.44542092 0.12020689 8.86738682],[  11   11   11 ...  -11  -11 2112],[   0    5   -2 ... 2868   -2   -2],[0.00105711 0.00092737 0.00083595 ... 0.00120051 0.00119091 0.00118507]
50,"[ 1.57805951e-03 -2.49133375e-03 -3.11886705e-03 ... -6.70826412e-04
 -8.62843735e-05 -3.29567380e-02]","[ 0.0166915  -0.00158304 -0.00495093 ... -0.00121702  0.00031731
 -0.02713042]",[0.01273726 0.00485417 0.01654368 ... 0.00283802 0.00039113 0.0086411 ],"[-0.46169027 -0.880928   -0.28350227 ... -0.3865624  -1.00421693
 -7.23150398]","[ 1.56312304 -0.88453752 -0.72462228 ...  0.31679397  0.68470542
 -5.86897607]","[-3039.05444336 -3040.20458984 -3039.05444336 ... -3039.71826172
 -3039.23193359 -3039.13549805]",[0.16777918 0.15666121 0.15637192 ... 0.15795094 0.36483282 3.13850141],[  11   11   11 ...  -11   22 2112],[ 0 -2 -2 ... -2 -2 -2],[0.00123074 0.0013665  0.00109567 ... 0.00269004 0.000511   0.00100895]
51,"[-0.03777494 -0.00012495  0.00023761 ...  0.0009085   0.02230356
 -0.03445083]","[ 0.0252367   0.00012127  0.00066784 ...  0.00143567 -0.00829588
 -0.0394762 ]",[0.40869105 0.00203251 0.00098375 ... 0.00649811 0.03891587 0.00808428],"[-0.09819421 -0.38314923  0.01387105 ...  1.6735938  -1.33281007
 -7.01252787]","[-0.36606991 -1.02539646 -0.42394709 ...  0.3671501  -1.86756061
 -6.13403803]","[-3039.05444336 -3039.05444336 -3040.18701172 ... -3030.40893555
 -3019.46337891 -3030.40893555]","[ 0.06671802  0.06670389  0.06728739 ...  0.39905971 12.26281071
  3.57230854]",[  11   22   11 ...  -11 2112 2112],[ 0 -2 -2 ... -2 -2 -2],"[1.00886775e-03 4.04849999e-07 8.04806245e-04 ... 1.64659601e-03
 9.13475276e-07 1.19106880e-04]"
52,"[ 0.01963472  0.01616488  0.01590288 ...  0.03623541 -0.00060805
  0.00127417]","[ 0.00955477  0.01595032  0.04882471 ... -0.01918955  0.00024498
 -0.02557419]",[0.14657097 0.16289304 0.29153645 ... 0.01879243 0.00049221 0.05263346],[0.12743982 0.08580287 0.03629812 ... 4.05484706 4.94393044 6.57326918],"[-0.2003792  -0.06868584  0.04327582 ... -3.54008403 -4.01092496
 -5.58691969]","[-3039.05444336 -3039.05444336 -3039.05444336 ... -3029.94799805
 -3029.48681641 -3029.2590332 ]","[1.89793795e-01 1.89987749e-01 1.90102682e-01 ... 6.23903561e+00
 5.64323104e+12 1.01674938e+01]",[  11   11   11 ... 2112   11 2112],[ 0  3  5 ... -2 -2 -2],[0.00094295 0.00113688 0.00088852 ... 0.00108207 0.00045498 0.00025582]
53,"[ 0.01072815 -0.00132602 -0.00510457 ... -0.01305391 -0.00105003
 -0.00045563]","[-0.35568756  0.00070399 -0.0022075  ... -0.00124844  0.0149232
  0.00062314]","[4.25094557e+00 4.71842336e-03 1.47735691e-02 ... 5.06243184e-02
 3.71293165e-03 3.88637127e-04]","[ 0.03950161 -0.28337143 -0.52541195 ... -3.21991439  0.09152847
  0.09152847]","[-0.35100707  0.56186334 -0.64207777 ...  6.29053159 -0.6368707
 -0.6368707 ]","[-3039.05444336 -3030.18334961 -3029.2590332  ... -3019.46337891
 -3029.86962891 -3029.86962891]","[8.45568627e-02 4.14885342e-01 4.15027082e-01 ... 8.35907459e+00
 4.33518320e-01 2.19976434e+11]",[  11  -11   11 ... 2112 2112   11],[ 0 -2 -2 ... -2 -2 -2],"[9.83056962e-04 7.55477697e-04 1.06975541e-03 ... 3.27202724e-05
 1.26427840e-04 4.93021100e-04]"
54,"[ 0.00173687  0.00092148  0.07343788 ... -0.00319802  0.00024982
 -0.00218029]","[-9.05573834e-03 -1.84692293e-02 -8.30562711e-01 ... -2.21517781e-04
  1.95446919e-04 -1.92074326e-03]","[9.98053700e-02 1.09292291e-01 4.98508501e+00 ... 3.11926543e-03
 2.84821680e-03 4.43806360e-03]","[ 0.16360261  0.09287359  0.09871848 ... -1.11973862 -2.29738323
 -0.29881362]","[ 0.28643141  0.03468636  0.06096423 ... -0.23663523 -1.2096866
 -3.30560781]","[-3039.05444336 -3039.05444336 -3039.05444336 ... -3040.20458984
 -3040.20458984 -3030.40893555]",[0.14327261 0.14372708 0.14379077 ... 0.14597848 0.24496524 0.50537229],[11 11 11 ... 11 11 11],[ 2  7  9 ... -2 -2 -2],[0.00088014 0.00091578 0.00094498 ... 0.00129613 0.00085897 0.00115605]
55,"[ 0.00448964  0.00473177 -0.00714693 ...  0.00245258  0.00152299
  0.00018953]","[-0.00115413 -0.00126571  0.00873883 ...  0.00818508  0.00665375
  0.00293966]",[0.00276005 0.0027455  0.0123188  ... 0.00560316 0.01778653 0.00139835],"[ 2.55923395  7.86546997 -0.70567341 ...  0.38080518  0.19852201
  0.54754986]","[-1.37922424 -1.99765944  0.01696229 ...  1.34170163  0.32901043
  3.50972927]","[-3039.69775391 -3038.91455078 -3039.05444336 ... -3040.20458984
 -3039.05444336 -3039.05444336]",[0.29837063 0.36446545 0.26377866 ... 0.26159555 0.25943995 0.28972313],[ 22  11  11 ... -11  11  22],[-2 -2 -2 ... -2 -2 -2],"[2.67748139e-04 5.12731867e-03 9.27577377e-04 ... 9.78800701e-04
 8.63253255e-04 1.72841350e-08]"
56,"[ 0.03207996  0.00598929  0.00197056 ... -0.00114564 -0.00044532
  0.01870048]","[-3.23105216e-01 -4.58270824e-03  2.02705211e-04 ... -7.23828911e-04
  4.16076000e-05 -4.09007706e-02]",[2.10092783 0.01179053 0.0024698  ... 0.00234001 0.00222042 0.00881083],"[ 0.08478441  1.15843912  3.71110461 ... -0.57036542 -1.08934989
 -3.46321338]","[-0.20652284 -2.25024249  1.29835993 ... -0.25243592  1.66930068
 -6.35057522]","[-3039.05444336 -3040.20458984 -3029.75927734 ... -3030.40893555
 -3030.40893555 -3019.46337891]",[0.04511624 0.045827   0.41298801 ... 0.37736398 0.37480438 5.6015954 ],[  11   11   22 ...   11  -11 2112],[ 0 -2 -2 ... -2 -2 -2],"[8.30982986e-04 2.66120490e-03 3.23116139e-04 ... 4.33466514e-04
 5.35248895e-04 3.78556288e-05]"
57,"[-5.05627096e-01  1.09055592e-02  8.12713915e-05 ... -3.80364509e-05
  3.09084309e-04  1.01225771e-01]","[ 9.97831285e-01 -9.38914542e-04 -6.60107587e-04 ... -3.09881252e-05
  3.08160670e-04  1.88640118e-01]","[2.35058098e+01 8.39718897e-03 1.71449664e-03 ... 1.04960217e-03
 6.17604703e-04 6.64442331e-02]","[-0.03796671  6.13483325 -0.44433174 ...  0.29093885  0.25034049
  0.58365414]","[ 0.34848356 -3.55031394 -1.6186723  ... -0.22634296 -0.25941826
 -0.57929622]","[-3039.05444336 -3030.40893555 -3030.40893555 ... -3029.28881836
 -3028.16845703 -3028.56958008]",[0.0565334  0.40966496 0.39755228 ... 0.38552776 0.4603475  0.4464623 ],[        11         11         11 ...         22         11 1000060120],[ 0 -2 -2 ... -2 -2 -2],[0.0010152  0.00513969 0.00032511 ... 0.00064903 0.00040172 0.00224797]
58,"[ 0.00123065  0.00057286  0.0006814  ...  0.01316641 -0.01057336
 -0.02458183]",[0.00124646 0.00041757 0.00019798 ... 0.00623267 0.02622554 0.00589362],[0.00627193 0.00089863 0.00105157 ... 0.00977385 0.03447821 0.05841817],"[ 0.36696126  0.31072076  0.39976354 ...  3.91452657 -0.69864569
  1.00416373]","[-1.33283937  0.22156924  0.28647435 ...  3.6986785   2.12879994
 -7.3616352 ]","[-3040.20458984 -3040.06494141 -3039.92504883 ... -3040.20458984
 -3029.27758789 -3039.05444336]","[2.02668965e-01 2.03274190e-01 2.15142995e-01 ... 2.09422424e-01
 1.46740651e+00 2.23699066e+02]",[  11   22   11 ...  -11 2112 2112],[18 -2 -2 ... -2 -2 -2],[0.00164318 0.00028794 0.00085663 ... 0.00450928 0.00105755 0.00025768]
59,[0.02456661 0.00603334 0.00987632 ... 0.00086862 0.00020236 0.04076606],"[ 0.01946441  0.0112612  -0.00619422 ...  0.00021818  0.00086541
  0.03915493]",[0.10490411 0.01311914 0.01849353 ... 0.0026836  0.00171367 0.00820213],[0.17358285 0.36887069 0.69923045 ... 0.73308827 0.22012587 1.98681708],"[ 0.26349862  0.76536208 -0.92348236 ... -0.47980392 -0.10485944
  1.19925743]","[-3039.05444336 -3039.05444336 -3039.05444336 ... -3039.05444336
 -3039.35180664 -3040.20458984]",[0.1896088  0.19116323 0.19121671 ... 0.19029677 0.20628512 3.9876163 ],[  11   11   11 ...   22   11 2112],[ 2 -2 -2 ... -2 -2 -2],"[1.02846581e-03 1.01724477e-03 1.05006364e-03 ... 1.72841350e-08
 1.48591574e-03 2.30687074e-04]"
60,"[-8.16653701e-05 -5.72891033e-04 -1.28478678e-02 ...  1.19625742e-03
  2.29062425e-04  8.31522122e-02]","[-0.0009127  -0.00044668 -0.00574198 ...  0.00123173  0.00015415
  0.06429645]",[0.00095176 0.00051521 0.04514626 ... 0.00114782 0.00042998 0.06388862],"[-0.30865511 -0.32463793 -0.47345909 ...  3.17158629  7.09180977
 -6.72943304]","[-0.8496951  -1.0283202  -0.34420515 ...  0.25810402  1.90504085
  3.96486699]","[-3040.01831055 -3039.83203125 -3039.05444336 ... -3039.73535156
 -3038.55541992 -3039.30371094]","[1.96008176e-01 2.13258192e-01 1.80395335e-01 ... 9.77785217e+02
 9.78319641e+02 1.52105370e+01]",[        22         11         11 ...         11         22 1000050110],[-2 -2 -2 ... -2 -2 -2],[0.0008054  0.00051579 0.00149471 ... 0.00161663 0.000511   0.00073784]
61,"[-1.04834415e-01 -4.06574504e-03 -4.11346406e-01 ...  2.57680600e-04
 -8.32032354e-04 -3.20668216e-04]","[-0.00808818  0.00031732  0.01136402 ...  0.00040133 -0.00291005
  0.00017228]","[8.88544202e-01 1.06615135e-02 3.46552181e+00 ... 1.83454627e-04
 3.04135606e-02 1.45094679e-03]","[ 0.3373201  -0.06837825  0.33314868 ...  1.91824554  0.07738199
 -0.54474352]","[ 0.42730638 -0.13054402  0.44728121 ...  0.73270056 -0.39514815
 -0.05044608]","[-3039.05444336 -3039.05444336 -3039.05444336 ... -3038.42041016
 -3029.2590332  -3030.30883789]",[0.0564968  0.05706174 0.0565032  ... 0.3229526  0.38602903 0.3970412 ],[ 11  11  11 ...  22 -11  11],[ 0 -2  8 ... -2 -2 -2],[0.00085654 0.00104585 0.00119449 ... 0.000511   0.000943   0.00106978]
62,"[ 5.67749317e-04 -5.02179889e-03  1.70456693e-02 ... -5.52371421e-05
 -5.55866919e-02 -4.55233976e-02]","[ 0.00039676  0.00410715 -0.00482514 ...  0.0004954  -0.02530435
 -0.01396445]",[0.00107104 0.00726418 0.03178831 ... 0.00011244 0.03101164 0.03070227],"[ 2.92839755  0.12207437  1.39042509 ...  1.02323581 -6.05611931
 -3.10151134]","[ 4.08427706 -0.9113845  -1.24628952 ...  1.10112241  4.49084803
 -4.1788815 ]","[-3029.2590332  -3039.05444336 -3039.05444336 ... -3039.84545898
 -3039.05444336 -3030.40893555]","[ 0.60310692  0.2274548   0.21990742 ...  0.44493797 18.21285057
 30.54143906]",[  22   11   11 ...   22 2112 2112],[-2  4 -2 ... -2 -2 -2],"[1.72841350e-08 1.01535022e-03 1.34549197e-03 ... 5.10998885e-04
 6.67203858e-06 3.66504188e-04]"
63,"[-3.00722895e-03  6.17886835e-05  3.04997462e-04 ...  1.44569599e-03
  2.03139195e-03  4.94655333e-02]","[ 4.84276051e-03 -2.53410890e-05 -3.89500550e-04 ... -2.43568840e-03
  3.39550972e-02 -1.35994749e-03]",[0.46393269 0.00114648 0.00093032 ... 0.00521919 0.08486523 0.01352634],[0.14760545 0.32840709 0.3569033  ... 1.04034021 1.76920859 0.77850912],"[-0.02764139 -0.41648803 -0.42817504 ... -2.28425953  3.17214301
  2.60838606]","[-3039.05444336 -3029.88037109 -3029.3515625  ... -3028.51098633
 -3029.2590332  -3030.40893555]","[ 0.12398054  0.45090967  0.48624325 ...  0.51937002  2.52767396
 11.40381432]",[  11   22   11 ...  -11 2112 2112],[ 0 -2 -2 ... -2 -2 -2],"[1.18877343e-03 4.88372520e-04 6.60046178e-04 ... 2.91337550e-04
 1.19136064e-04 9.89241889e-05]"
64,"[-2.12941837e+00  3.25790141e-03  4.56428446e-04 ...  8.35142680e-04
  5.69023941e-05  3.27061629e-04]","[-3.96451306e+00  8.69736914e-03 -4.64739162e-04 ...  8.24899506e-03
  5.52296522e-04 -5.41267393e-04]","[1.59938446e+02 8.58664326e-03 2.99647381e-03 ... 3.67530319e-03
 3.09969997e-03 1.45642716e-03]","[-0.59385239  0.12899003  0.08949252 ... -0.12234141 -0.1611288
 -0.00937335]","[-0.20153884  0.70437399 -0.91183327 ...  1.87184014  0.50379158
  0.43098893]","[-3039.05444336 -3029.2590332  -3030.40893555 ... -3030.40893555
 -3029.2590332  -3028.40844727]",[0.03267237 0.36466432 0.36404559 ... 0.36641911 0.36058843 0.42671725],[ 11  11  11 ... -11  22  11],[   0   -2   -2 ... 1903   -2   -2],"[1.03878323e-03 8.86122405e-04 7.86529796e-04 ... 1.12557819e-03
 5.37280016e-07 1.15700578e-03]"
65,"[ 1.70891535e+00 -4.29214881e-04  4.42701639e-05 ...  2.47907537e-05
  3.10415999e-05  3.12822900e-04]","[ 9.91134524e-01 -1.02311897e-03 -1.00422592e-03 ...  1.13720330e-03
  3.58504592e-04 -6.22022245e-03]","[3.51819458e+01 9.20575985e-04 2.92335870e-04 ... 1.86939689e-03
 1.81331078e-03 2.16414174e-03]","[ 0.0345368  -2.6355072  -3.08663807 ...  0.29454865  0.43284949
  0.44958671]","[-0.17650061 -3.99762374 -5.07298404 ... -0.32732618 -0.28081894
 -0.85129172]","[-3039.05444336 -3029.44140625 -3028.47387695 ... -3030.25488281
 -3029.71069336 -3030.40893555]",[0.07761777 0.45880383 0.55989373 ... 0.40954685 0.42159063 0.41321814],[11 22 11 ... 22 11 11],[ 0 -2 -2 ... -2 -2 -2],[0.00104335 0.00078778 0.00065391 ... 0.00078127 0.001407   0.00038524]
66,"[ 1.15465140e+00  1.59669004e-03  2.01724833e-04 ...  1.09541917e-03
  5.39400689e-02 -1.83183394e-04]","[-6.25102341e-01 -3.98221273e-05 -1.13130453e-04 ... -5.72785910e-04
  2.13672873e-02  3.66854772e-04]","[1.67144089e+01 2.08628154e-03 1.87066384e-03 ... 7.39057839e-04
 6.55640615e-03 9.12716278e-05]","[-0.25918337  0.7536458   1.34263732 ...  7.4317385   6.03081241
  1.13411185]","[-0.33072669 -0.14858531 -0.17670632 ... -2.48267755 -7.6726175
 -0.65884088]","[-3039.05444336 -3029.44628906 -3028.29614258 ... -3019.46337891
 -3029.2590332  -3039.24365234]","[7.23396465e-02 4.06182230e-01 4.81041312e-01 ... 8.39303732e-01
 2.40529213e+01 1.99796707e+12]",[  11   22   11 ...   22 2112   11],[ 0 -2 -2 ... -2 -2 -2],"[1.26612652e-03 3.09185649e-04 1.10785935e-04 ... 4.04849999e-07
 2.69117038e-04 1.50506181e-04]"
67,"[-0.01141963 -0.00160056 -0.00204826 ...  0.00963525 -0.00425737
 -0.0016501 ]","[-0.01142555 -0.00350073 -0.00268455 ...  0.00678994  0.00208802
 -0.03362719]",[0.07761464 0.00300405 0.0028551  ... 0.03175782 0.01352324 0.03260796],"[ 0.24472608 -0.2190585  -1.26909373 ...  0.57516922 -0.57617722
  1.24042775]","[-0.30176613 -0.78266165 -1.59401915 ...  0.82317051  2.12047508
 -7.24099396]","[-3039.05444336 -3040.03369141 -3040.03369141 ... -3039.05444336
 -3039.05444336 -3019.6237793 ]",[0.25920135 0.2718018  0.29032022 ... 0.25890663 0.26333448 8.50458431],[  11   22   11 ...  -11  -11 2112],[-2 -2 -2 ... -2 -2 -2],[0.00125307 0.00094235 0.00114168 ... 0.00093462 0.00139061 0.00116837]
68,"[-2.02443433e+00  1.11375272e-03 -3.52250499e-04 ... -2.36482214e-04
 -5.46927601e-02 -3.70681332e-03]","[1.02124488e+00 4.10291227e-03 8.91249656e-05 ... 7.68635015e-04
 9.14439186e-03 1.81925762e-03]","[2.43718433e+01 5.60487015e-03 9.66430234e-04 ... 1.92439754e-03
 4.95321989e-01 2.18426879e-03]","[ 0.99940796  0.53694349 -0.44789693 ... -4.71500209 -0.05375403
 -2.53307217]","[ 1.17773659 -0.21175632  0.38429853 ... -0.71105616 -0.00885216
 -2.12398495]","[-3039.05444336 -3029.2590332  -3029.29052734 ... -3030.40893555
 -3028.55200195 -3020.61352539]",[0.07266132 0.40265438 0.4039591  ... 0.74090248 0.44866887 0.73966742],[ 11  11  22 ...  11 -11  11],[   0   -2   -2 ...   -2 2053   -2],[0.00078    0.00115219 0.00089236 ... 0.00052963 0.00040968 0.00133454]
69,[0.05712612 0.0010715  0.00125558 ... 0.00023003 0.00024935 0.02655922],"[ 2.87597347e-02 -1.09967228e-03 -5.39870525e-04 ... -5.74100355e-04
 -3.26349764e-05  1.28579345e-02]","[3.93362308e+00 3.64415580e-04 3.45992623e-04 ... 1.36888900e-03
 4.44835547e-04 3.52368318e-02]",[0.01880303 2.7018982  4.35208545 ... 0.77076022 1.0735173  3.20927073],"[-0.14784895 -3.11328567 -4.80685819 ... -0.53743375 -0.37278509
  2.01176576]","[-3039.05444336 -3029.84765625 -3029.28662109 ... -3030.24194336
 -3030.07495117 -3019.87133789]",[0.03560831 0.39226779 0.55439889 ... 0.36548266 0.45797446 3.74841762],[  11   22   11 ...  -11   22 2112],[ 0 -2 -2 ... -2 -2 -2],[0.00094965 0.00058944 0.00098859 ... 0.00107566 0.000511   0.00112349]
70,"[ 3.98960728e-05 -1.02533049e-04 -1.59259187e-03 ... -1.51281580e-01
  1.40418991e-01  6.69864491e-02]","[-0.00099406 -0.00092106  0.00030834 ... -0.03713227  0.24431723
 -0.04084225]",[0.00103309 0.00127338 0.00487364 ... 0.38470462 0.5508526  0.02446939],"[ 1.19923347  1.23564127  0.46950861 ... -0.46282742  0.53841843
  5.14716657]","[-6.93396157 -7.2236883  -0.71424472 ... -0.26708251  0.54483432
 -2.68940919]","[-3030.30810547 -3030.12573242 -3040.20458984 ... -3039.05444336
 -3039.05444336 -3039.05444336]",[0.61333704 0.62269074 0.20988227 ... 0.2489711  0.21784443 2.03240466],[  22   11   11 ... 2212 2212 2112],[  -2   -2   -2 ... 2096 2098   -2],[0.00028949 0.00114475 0.00209268 ... 0.00405    0.00238417 0.0001675 ]
71,"[ 2.22879276e-01 -3.44807253e-04  2.64758174e-03 ... -3.70392233e-01
 -1.21365590e-02 -3.12164649e-02]","[ 6.31949157e-02  2.09619408e-04  2.90495856e-03 ...  3.25841755e-01
 -4.36363667e-02 -7.25159943e-02]","[1.49827423e+01 8.17447901e-03 2.34462484e-03 ... 2.16887102e-01
 2.47527249e-02 2.93997377e-02]","[ 0.14770224 -0.34042546  1.14827407 ... -2.15084002 -1.70922361
  3.7319453 ]","[-0.17035871 -1.04223618 -2.84279606 ...  1.86152066 -2.08778845
  3.94089306]","[-3039.05444336 -3030.40893555 -3030.31201172 ... -3039.05444336
 -3039.05444336 -3039.05444336]",[0.06943269 0.39711133 0.61817771 ... 0.08957184 6.12079048 0.22132866],[  11   11   11 ... 2212 2112 2112],[   0   -2   -2 ... 2240   -2   -2],[0.00078195 0.00246947 0.00409409 ... 0.00671614 0.0002567  0.00090539]
72,"[ 0.08161496  0.00460548  0.01317722 ... -0.00024731 -0.00037438
 -0.00569817]","[ 0.04633366  0.00286045 -0.00432554 ... -0.00045887 -0.00024072
 -0.04069441]",[0.64778316 0.05457551 0.08058026 ... 0.00102218 0.00117868 0.02738999],"[-0.17693019 -0.23935104 -0.15133173 ... -2.37236215 -2.50803151
  2.40598852]","[-0.02195001 -0.16807747 -0.26040432 ... -3.17651631 -3.42824556
 -5.82258754]","[-3039.05444336 -3039.05444336 -3039.05444336 ... -3029.84814453
 -3029.28759766 -3020.61352539]",[0.08384027 0.08376089 0.08378841 ... 0.43581295 0.47780564 4.0400815 ],[  11   11   11 ...   22   11 2112],[ 0  6 -2 ... -2 -2 -2],[0.00096244 0.00085709 0.00132738 ... 0.00029883 0.0008486  0.00018857]
73,"[-0.17925787 -0.00371544 -0.01843463 ...  0.00172535  0.0013044
  0.23743753]","[ 1.22870252e-01 -3.03762127e-03  8.73750076e-03 ...  2.81389512e-04
  1.72171931e-04 -3.84353131e-01]",[2.2452836  0.04129492 0.08454569 ... 0.009349   0.03228759 0.44592035],"[ 0.06355054 -0.30931079 -0.10608097 ...  1.87215275  0.02449847
  1.13357505]","[ 0.46260595 -0.52374017  0.48085478 ... -0.4332824  -0.02279654
 -6.4575451 ]","[-3039.05444336 -3029.2590332  -3039.05444336 ... -3029.12133789
 -3029.2590332  -3029.2590332 ]",[0.03843293 0.36865166 0.0385509  ... 0.37877318 0.36768773 0.56890541],[  11   11   11 ...   11  -11 2212],[   0   -2   12 ...   -2   -2 3236],[0.00083967 0.0012338  0.00078197 ... 0.00095088 0.00093041 0.00314996]
74,"[-0.00837196  0.00013738  0.00461922 ...  0.01056344  0.00126892
  0.00497339]","[ 3.28599219e-03  3.76314251e-03  7.97938276e-03 ...  1.55484828e-03
  5.22879709e-05 -9.07135755e-03]",[0.01312138 0.00446133 0.07995465 ... 0.03773823 0.00082926 0.06890053],"[-0.78946814 -0.65538417  0.09390713 ...  0.54265012  0.76333369
  0.55562432]","[-0.0282582  -0.62817189  0.01468721 ...  0.16299445  0.14965943
 -1.33636835]","[-3039.05444336 -3039.53466797 -3039.05444336 ... -3039.05444336
 -3038.58618164 -3030.40893555]",[0.24912457 0.24928775 0.24722049 ... 0.24847648 0.30104551 4.79645395],[  11   11   11 ...  -11   11 2112],[-2 -2 -2 ... -2 -2 -2],[0.00103168 0.00534944 0.00107981 ... 0.00083108 0.00108953 0.00061635]
75,"[ 7.49576697e-03  4.26350022e-03  4.28803125e-03 ...  1.74520537e-05
 -3.72365513e-03 -2.70330124e-02]","[ 0.01198634 -0.00288404  0.00116625 ...  0.00029449  0.00074106
  0.02065196]",[0.08512934 0.01981531 0.00162489 ... 0.00178504 0.00548746 0.02859838],"[ 2.85602189e-02  2.76049685e+00  2.31237316e+00 ...  1.98724636e-03
 -1.35328090e+00 -2.42520514e+00]","[ 0.26925972 -0.48036038  0.69040651 ...  2.06126558  1.09080244
  7.07355093]","[-3039.05444336 -3039.48486328 -3040.20458984 ... -3028.15600586
 -3040.20458984 -3029.52905273]",[0.17115737 0.17129548 0.20024683 ... 0.57991081 0.17288458 6.40724897],[  11   11   22 ...   11  -11 2112],[ 0 -2 -2 ... -2 -2 -2],"[9.33168049e-04 5.02777053e-03 1.72841350e-08 ... 2.90663083e-05
 2.04945263e-03 1.05058181e-03]"
76,"[-0.00631283  0.00355702 -0.01016321 ... -0.04321339 -0.03039348
 -0.03856968]","[ 0.00943319 -0.00882196  0.01795338 ... -0.00671999 -0.02811623
  0.01332122]",[0.11933245 0.00408603 0.25638753 ... 0.00702615 0.01867934 0.00656352],"[-0.0958345   0.41113154 -0.0659603  ... -2.84203182 -3.93629485
 -0.71632605]","[-0.03190238 -2.32215787 -0.05676723 ... -0.83150642 -4.05289717
  0.99087552]","[-3039.05444336 -3040.20458984 -3039.05444336 ... -3040.20458984
 -3030.03588867 -3029.61743164]",[0.13079213 0.17631103 0.13069348 ... 1.23033059 3.65289807 0.50416827],[  11   11   11 ... 2112 2112 2112],[ 0 -2  2 ... -2 -2 -2],"[9.18067235e-04 5.58890984e-04 8.57651758e-04 ... 8.88678733e-06
 1.09735550e-03 9.08574264e-04]"
77,"[-0.01523541  0.00323989 -0.00607921 ... -0.00470804 -0.00532078
  0.00082264]","[ 0.00421918  0.00382644  0.00472937 ... -0.00505813  0.00172256
  0.00050957]",[0.0254758  0.00597002 0.01498232 ... 0.00830425 0.03032455 0.00308154],"[-0.64594049  1.05471056  0.47156237 ... -0.93108548  0.13421188
  0.65698908]","[ 0.17100638  0.16326886  0.10160907 ... -2.99578015  0.12242659
  0.55240246]","[-3039.05444336 -3039.05444336 -3029.2590332  ... -3030.40893555
 -3029.2590332  -3030.40893555]",[0.23903006 0.24428482 0.56628191 ... 0.57298768 0.56561309 0.56651926],[ 11  11  11 ...  11 -11 -11],[-2 -2 -2 ... -2 -2 -2],[0.00115341 0.00114031 0.00089271 ... 0.00184126 0.00100551 0.00079299]
78,"[-1.96213469e-01 -1.78985239e-03 -5.07154502e-04 ... -2.75778468e-03
  1.22232974e-04  4.32991348e-02]","[-0.09887793  0.00049262  0.00548341 ...  0.00194701  0.00029235
  0.0769272 ]","[1.73648815e+01 1.96471624e-03 9.79350880e-03 ... 3.66951851e-03
 8.15317253e-05 7.33934045e-02]","[-0.03530287 -0.28751298 -0.0830949  ... -1.79064728 -1.09453762
  0.41919976]","[ 0.14704717 -0.23466017  0.58399438 ...  1.38848014  1.00180919
 -0.07136815]","[-3039.05444336 -3040.20458984 -3029.2590332  ... -3029.2590332
 -3030.11767578 -3029.11767578]",[0.05986227 0.06124253 0.38856021 ... 0.39674935 0.40995365 0.43119311],[        11         11         11 ...         22         11 1000070150],[ 0 -2 -2 ... -2 -2 -2],"[7.81407056e-04 1.18162285e-03 8.54038750e-04 ... 1.72841350e-08
 9.57770535e-05 4.71724459e-04]"
79,"[ 2.35424089  0.00318443  0.01379015 ... -0.00868093 -0.004846
 -0.00773653]","[-6.73045206e+00 -1.04873274e-02  9.68211144e-03 ...  2.53611780e-03
  5.52570634e-03  7.51496572e-03]","[4.64441414e+01 2.63161678e-02 2.00395491e-02 ... 8.61123484e-03
 5.27772419e-02 7.14339502e-03]","[ 0.07784859  0.27771292  0.96304838 ... -2.77962323 -0.32102846
 -1.15502991]","[-0.2219296  -0.45916022  0.9937111  ...  2.44646727  0.82768427
  2.7060722 ]","[-3039.05444336 -3029.2590332  -3029.2590332  ... -3030.40893555
 -3029.2590332  -3030.40893555]",[0.06235573 0.3945339  0.39485392 ... 0.39710361 0.39223626 0.39722854],[ 11  11  11 ... -11  11 -11],[ 0 -2 -2 ... -2 -2 -2],[0.00098087 0.00090103 0.00123041 ... 0.00303913 0.00142461 0.00164885]
80,"[ 1.36733443e-01  2.07694992e-03 -2.70401186e-04 ... -7.87097815e-05
  1.18482881e-03  8.25994685e-02]","[ 0.12498828  0.00381477 -0.00024427 ...  0.00038194 -0.00032291
  0.14911583]","[1.55503023e+00 2.62597594e-02 2.15541106e-02 ... 3.75108008e-04
 4.50740539e-04 1.19186223e-01]","[-0.08946644 -0.07349441 -0.21428035 ...  0.4101092   7.53712795
 -0.32609526]","[ 0.29984853  0.23697886  0.02345106 ... -1.07686278 -1.98943657
 -0.15754279]","[-3039.05444336 -3039.05444336 -3039.05444336 ... -3029.01391602
 -3030.12817383 -3029.69824219]",[0.10360616 0.10364389 0.10381823 ... 0.48109078 0.61877573 0.45558304],[        11         11         11 ...         11         22 1000060120],[ 0 -2 -2 ... -2 -2 -2],[0.00104575 0.00080112 0.00097611 ... 0.00023325 0.00065245 0.00193559]
81,"[-6.38652174e-03  2.91209505e-03  2.27985927e-03 ... -6.66838459e-05
  1.91337836e-03 -1.05881970e-03]","[ 0.00096212 -0.0064531  -0.00485453 ...  0.00461004 -0.00681578
  0.01168361]",[0.00544374 0.00229698 0.00295879 ... 0.01668594 0.01386135 0.04003934],"[-7.8621397   0.29217823  1.1819451  ... -0.29801587  0.1012132
 -0.30406861]","[ 5.94045901 -1.14055524 -3.17104337 ...  0.49012544 -0.51750788
  0.53123691]","[-3030.40893555 -3040.20458984 -3040.20458984 ... -3038.32641602
 -3039.05444336 -3038.32641602]",[0.62829381 0.22752388 0.29959589 ... 0.26811299 0.2187098  0.26811299],[ 11  11  11 ...  11 -11 -11],[-2 -2 -2 ... -2 -2 -2],[0.00637075 0.00045454 0.00102267 ... 0.00031064 0.00092046 0.00041945]
82,"[-0.01894548  0.01378321  0.00060546 ...  0.0002217   0.00540539
  0.06438799]","[ 0.01041058  0.00140723 -0.00859716 ... -0.00043995 -0.00235839
 -0.03539271]",[0.02113891 0.01905865 0.01381521 ... 0.00016182 0.0523136  0.04968729],"[-1.66659467  0.97245975  0.31146426 ... -0.93612713  6.50070587
  2.94165512]","[ 0.59137227 -0.11356483 -2.71537123 ... -4.90526086  4.57450889
 -1.33462459]","[-3039.05444336 -3039.05444336 -3040.20458984 ... -3029.50146484
 -3020.61352539 -3029.2590332 ]","[ 0.20273329  0.19217569  0.1912403  ...  0.7391901  12.82659912
  1.3187449 ]",[  11   11   11 ...   11 2112 2112],[-2  5 -2 ... -2 -2 -2],"[1.10342447e-03 1.04226102e-03 2.65439367e-03 ... 2.17018678e-04
 2.82813329e-04 4.20379474e-05]"
83,"[-1.49040145e-03 -2.57506355e-04  1.62901683e-03 ... -6.16457880e-01
  2.69030463e-02 -3.38038951e-02]","[-0.00086482 -0.0033099   0.00117371 ... -0.76943129 -0.00988664
  0.00952013]",[0.01567736 0.00380712 0.00229635 ... 0.3835474  0.04430986 0.03471814],"[-0.15090602  0.23522181  1.62603612 ... -2.0649852   5.99268083
  7.23205499]","[-0.34487402 -0.68845045 -2.03766334 ... -2.32437908  4.62541896
  3.16496867]","[-3039.05444336 -3040.20458984 -3039.97216797 ... -3039.05444336
 -3029.2590332  -3029.99609375]",[0.13445322 0.13598578 0.22198462 ... 0.1493573  5.82478285 4.20776987],[  11   11   11 ... 2212 2112 2112],[  -2   -2   -2 ... 2590   -2   -2],"[1.06907298e-03 1.03810173e-03 2.58183526e-03 ... 3.16945557e-03
 3.38994869e-05 2.80284381e-04]"
84,"[ 5.56317158e-04  1.51781031e-04  1.99574931e-03 ... -1.18957400e-01
 -1.62134483e-01  8.62474516e-02]","[-0.00103236 -0.00113901 -0.00767849 ...  0.14121407 -0.05048492
  0.05645913]",[0.00080983 0.00084526 0.06076369 ... 0.06042099 0.01188394 0.00177329],"[ 1.64857575  2.08569187  0.05078018 ... -0.59641418 -0.0227822
  0.06508374]","[-2.77778941 -3.59919935 -0.16531827 ... -0.02349654  0.07904857
  0.13634408]","[-3039.57519531 -3038.93139648 -3039.05444336 ... -3028.41577148
 -3038.60595703 -3038.60791016]",[0.23003878 0.30392641 0.1854248  ... 0.58348    0.23862676 0.23862676],[        22         11         11 ... 1000020040 1000060120       2212],[-2 -2 -2 ... -2 -2 -2],[0.00042092 0.00100424 0.00102344 ... 0.0050595  0.00129647 0.00564735]
85,"[-0.00053265 -0.02559768 -0.01812943 ... -0.00453024  0.00047034
  0.00329099]","[ 0.00275207  0.00812324  0.00273664 ...  0.0016614   0.00043363
 -0.00097586]","[6.33468702e-02 1.69566169e-01 1.13865189e-01 ... 9.37305484e-03
 7.15175847e-05 9.28808190e-03]","[ 0.16946881 -0.01428689 -0.02577539 ... -1.1564531  -2.14864155
  0.52117315]","[-0.21941719 -0.14855248 -0.20130098 ...  1.98284944  4.01696976
  0.61708733]","[-3039.05444336 -3039.05444336 -3039.05444336 ... -3029.88696289
 -3029.36499023 -3029.2590332 ]",[0.09837488 0.09844235 0.09843931 ... 0.43140432 0.61870277 0.43558881],[ 11  11  11 ... -11  22 -11],[ 0  4  6 ... -2 -2 -2],[0.00087095 0.00119736 0.00106368 ... 0.00213085 0.00064372 0.00098383]
86,"[ 2.35603762e+00 -4.58875220e-05  3.81670019e-04 ...  1.85048103e-01
 -1.79391429e-02  4.38794531e-02]","[-4.76556158e+00 -1.26865297e-03 -1.16862170e-03 ... -9.49690342e-02
  1.49880201e-01  6.86404668e-03]","[4.94820099e+01 1.68250897e-03 6.23756379e-04 ... 1.06255062e-01
 1.49936676e-01 2.29966175e-02]","[-0.30471549 -0.6185935  -0.49555947 ... -0.14282538 -0.15647097
 -6.70977608]","[ 0.24494857 -1.83957346 -2.40021117 ...  0.19810318  0.21264796
  4.7588586 ]","[-3039.05444336 -3029.2590332  -3028.82861328 ... -3029.78564453
 -3029.78491211 -3020.61352539]","[ 0.03166947  0.3716538   0.43769518 ...  0.38075742  0.38075742
 14.19184208]",[        11         22         11 ... 1000020040 1000020040       2112],[ 0 -2 -2 ... -2 -2 -2],"[8.74540186e-04 5.37280016e-07 9.59219004e-04 ... 7.31058046e-03
 6.06727693e-03 2.90144962e-04]"
87,"[-0.01040445  0.00355375 -0.0007362  ...  0.01767043 -0.00017426
  0.0004822 ]",[0.01946125 0.00535171 0.00057881 ... 0.00631163 0.00052356 0.00019855],[0.15722401 0.00682486 0.00090496 ... 0.03934534 0.00168202 0.00048439],"[-0.31957079  0.28642833 -2.41119631 ...  6.47576705  3.24741613
  3.22608387]","[ 0.29113742  0.41105642  1.85061954 ... -2.83395709  2.93919577
  3.20926299]","[-3039.05444336 -3039.05444336 -3029.3984375  ... -3029.63964844
 -3039.05444336 -3038.20605469]","[ 0.23546037  0.23717847  0.58562034 ... 13.99361515  2.01349306
  2.08364964]",[  11   11   22 ... 2112   22   11],[ 9 -2 -2 ... -2 -2 -2],"[1.27845712e-03 1.12029433e-03 6.58628007e-04 ... 1.01064588e-03
 1.72841350e-08 3.65178828e-04]"
88,"[ 8.58697236e-01  2.49088014e-04 -6.81172241e-04 ... -5.69186406e-03
 -1.57741350e-04  4.44522053e-02]","[1.09639797e+01 3.76203679e-04 8.34603416e-05 ... 5.35623450e-03
 6.66924706e-03 2.68754810e-02]","[6.70168533e+01 3.19541199e-03 8.82476044e-04 ... 7.88759999e-03
 3.60759906e-02 1.79197527e-02]","[-0.09881776  1.17686044  0.85256134 ... -1.26272502  0.01428469
  1.69719433]","[ 0.16892591 -0.85674827 -0.93157761 ...  1.60822381  0.28398134
  6.61316563]","[-3039.05444336 -3019.46337891 -3020.03442383 ... -3030.40893555
 -3029.2590332  -3009.66796875]","[ 0.04818937  0.70885706  0.72836775 ...  0.38121596  0.37990355
 14.76714706]",[  11   22   11 ...  -11  -11 2112],[ 0 -2 -2 ... -2 -2 -2],"[1.02836441e-03 1.72841350e-08 7.18165480e-04 ... 1.85955456e-03
 9.50884714e-04 3.50957489e-05]"
89,"[-0.00234556  0.00093982  0.00077471 ...  0.02089933 -0.03744024
  0.02168696]","[-0.00075187  0.00042815 -0.00013649 ...  0.02245523 -0.0372349
  0.01217088]",[0.00745575 0.00052329 0.00010291 ... 0.04560332 0.03376086 0.03692188],"[-2.47873699  3.97903644  4.77477704 ...  1.94663357  0.80858909
  1.98165868]","[-1.40308443  1.57699388  1.93950551 ...  0.78961436 -1.97220531
  1.70870632]","[-3040.20458984 -3029.96582031 -3029.52294922 ... -3009.66796875
 -3030.40893555 -3030.24804688]","[ 0.16784923  0.55243576  0.61783212 ... 20.53634644  0.95068032
  3.07181072]",[  11   22   11 ... 2112 2112 2112],[-2 -2 -2 ... -2 -2 -2],[0.00268404 0.00072509 0.00043267 ... 0.00055245 0.00038067 0.00105401]
90,"[ 2.78045964e+00  4.38049174e-05 -4.02285550e-05 ... -1.41189899e-03
 -3.63009953e-04 -3.60068894e-04]","[ 3.01451015e+00  6.84751794e-05  4.55518224e-04 ...  5.77009108e-04
  2.77021929e-04 -3.31553339e-04]","[4.98277473e+01 1.06067257e-03 9.32738185e-04 ... 1.77398301e-03
 8.79024563e-04 1.46774168e-04]","[-0.13926103 -0.2359215  -0.21054434 ... -0.55396044 -0.9558227
 -0.77037799]",[0.5711138  0.20039613 0.24006528 ... 0.77108283 1.46814913 1.68058104],"[-3039.05444336 -3029.79443359 -3029.18017578 ... -3030.40893555
 -3030.31835938 -3030.22753906]",[0.03403387 0.36200657 0.40311983 ... 0.36506516 0.44559786 0.49300411],[ 11  22  11 ... -11 -11  22],[ 0 -2 -2 ... -2 -2 -2],[0.00096063 0.0004171  0.00064669 ... 0.00066462 0.0006036  0.000511  ]
91,"[ 0.01707414 -0.00013226  0.00043465 ... -0.0006787  -0.0007431
 -0.0005966 ]","[ 0.03398671  0.00049284  0.00077545 ... -0.00136615 -0.00085061
  0.00017489]",[0.49670255 0.00646362 0.00623843 ... 0.00184606 0.00145599 0.0017097 ],"[ 0.02552503 -0.25103111 -0.15463674 ...  0.50201507  0.3798812
  0.58137503]","[ 0.10790934  1.16055581  1.11042547 ...  0.07775261 -0.96218614
 -1.18934027]","[-3039.05444336 -3029.85571289 -3028.70581055 ... -3040.20458984
 -3040.18505859 -3040.07104492]",[0.20967056 0.53736627 0.57439131 ... 0.21533792 0.2600829  0.22165935],[ 11  22  11 ...  11  11 -11],[ 2 -2 -2 ... -2 -2 -2],[0.0021032  0.0006726  0.00040761 ... 0.0003659  0.00140127 0.00011031]
92,"[-0.04539782 -0.00179623  0.00015005 ... -0.00150666  0.00014925
  0.00049891]","[ 1.13580309e-01  7.87114818e-03  3.89663526e-03 ... -1.80613395e-04
  1.15362238e-02  7.86665987e-05]","[9.21430767e-01 7.90365227e-03 4.41137934e-03 ... 9.03377309e-03
 1.15180817e-02 7.75960289e-05]","[-0.01185986 -0.54376853 -0.77425265 ... -0.84920668 -0.60195351
 -2.36879008]","[-0.04489161  1.94261435  1.69759906 ... -0.38911452  4.34414629
  1.46295703]","[-3039.05444336 -3019.46337891 -3030.0690918  ... -3029.2590332
 -3020.61352539 -3028.45361328]",[0.16434228 0.83136916 0.50580567 ... 0.49653378 0.83194548 0.63442439],[ 11  11  22 ... -11 -11  22],[ 0 -2 -2 ... -2 -2 -2],[0.00089716 0.00088971 0.00083678 ... 0.00097161 0.00308337 0.000511  ]
93,"[-0.01349938 -0.00115567  0.0005667  ...  0.0021478   0.00408344
  0.00553744]","[-1.62584931e-02 -9.37740505e-03 -1.75375340e-03 ... -3.98747902e-03
 -5.75658487e-05  6.07116986e-03]","[8.75067949e-01 2.52214849e-01 4.31225024e-04 ... 1.02769040e-01
 5.58172632e-03 6.99687609e-03]","[-0.33490125 -0.32594503 -0.22377677 ... -0.29909196  1.18681429
  2.63595198]","[-0.44299979 -0.4875426  -0.61727508 ... -0.41464153  0.84204485
  3.49595703]","[-3039.05444336 -3039.05444336 -3040.20458984 ... -3039.05444336
 -3030.40893555 -3030.40893555]",[0.0664425  0.06644617 0.07339435 ... 0.06644743 0.39588314 0.41428447],[ 11  11  11 ... -11 -11 -11],[   0    5   -2 ... 2921   -2   -2],"[9.76217096e-04 1.70458318e-03 8.19703200e-05 ... 8.24830146e-04
 1.93420658e-03 2.27124873e-03]"
94,"[-0.07393586  0.00057     0.01300692 ...  0.00096318  0.00223001
 -0.00042503]","[-1.05455600e-01 -3.49971669e-04 -5.22809802e-03 ...  7.34842906e-04
  3.25476304e-02  8.09355406e-05]","[3.48458290e+01 1.42018055e-03 2.39744391e-02 ... 4.51930193e-03
 3.49333510e-02 7.21378368e-04]",[0.02193846 0.65144009 0.81476573 ... 0.23919907 0.09911754 0.16168823],"[-0.0253948   0.36450956 -0.58034476 ...  1.66234151 -0.97054574
 -0.05730729]","[-3039.05444336 -3030.23803711 -3029.2590332  ... -3030.40893555
 -3009.83789062 -3008.85766602]","[8.72177929e-02 4.17639792e-01 4.15300727e-01 ... 4.17346805e-01
 1.59279842e+01 5.35331062e+10]",[  11   11   11 ...  -11 2112   11],[ 0 -2  4 ... -2 -2 -2],[0.00079469 0.00113988 0.00113989 ... 0.00121204 0.0012151  0.00047323]
95,"[ 8.01317953e-03  1.03133428e-03  3.60601139e-03 ... -2.05887519e-02
 -3.82671617e-02  8.97470527e-05]","[-0.00249074  0.01110655 -0.00532349 ... -0.00121492 -0.02037463
  0.00040702]",[0.24014656 0.01394703 0.00774098 ... 0.04573382 0.00773686 0.0002433 ],"[-0.05495763  0.13440807  1.0644309  ...  4.51966575 -3.72996399
 -6.64927146]","[ 0.11223916  1.00808275 -1.71815365 ... -3.42081609 -0.76334706
 -1.19224969]","[-3039.05444336 -3039.05444336 -3040.20458984 ... -3029.2590332
 -3030.33007812 -3030.25097656]","[1.35635406e-01 1.42714009e-01 1.38871670e-01 ... 5.94211817e+00
 1.17771101e+00 7.67965528e+11]",[  11   11   11 ... 2112 2112   11],[ 0 -2 -2 ... -2 -2 -2],"[9.64927312e-04 9.00412386e-04 1.95185328e-03 ... 8.65373004e-05
 1.03149703e-03 1.91872678e-04]"
96,"[-1.03446615e+00 -1.85787736e-03 -1.75715203e-03 ... -1.03783999e-02
  1.05042614e-04 -2.45830379e-02]","[ 2.51550341e+00 -2.87586148e-03 -3.24737653e-03 ...  1.62560679e-02
 -3.09130352e-04 -1.62626915e-02]","[3.04309883e+01 3.82536557e-03 9.25900473e-04 ... 5.00113256e-02
 4.32085624e-04 5.84617141e-04]","[ 0.10919315  0.01804205 -0.41714636 ... -5.36158904 -4.05195946
  0.10128947]","[-0.10643859 -1.05923955 -2.51638802 ...  6.81795312  4.86303119
 -0.08937635]","[-3039.05444336 -3040.20458984 -3040.20458984 ... -3020.61352539
 -3039.22021484 -3038.82177734]","[1.17643341e-01 1.18737593e-01 1.90936267e-01 ... 1.32950106e+01
 3.75320773e+11 1.63941994e-01]",[  11   11   11 ... 2112   11 2112],[ 0 -2 -2 ... -2 -2 -2],[0.00110377 0.00069565 0.00031736 ... 0.00034688 0.00023359 0.00046241]
97,"[ 0.00241333  0.000409   -0.00038817 ...  0.04378111 -0.11147054
  0.02802687]","[-0.00138213 -0.00047114  0.00022721 ...  0.05178837 -0.11788068
 -0.00593091]",[0.11227958 0.01571278 0.01486031 ... 0.07409503 0.03467647 0.04026879],"[-0.07185055  0.25145547 -0.0620621  ... -0.15388115 -0.22230517
  2.26329895]","[-0.09293506 -0.34563354 -0.09609017 ...  0.32471546  0.25144597
  2.67661084]","[-3039.05444336 -3039.05444336 -3038.26098633 ... -3039.23730469
 -3039.21679688 -3029.2590332 ]","[ 0.15233693  0.15228826  0.20527174 ...  0.18497673  0.18497673
 10.86504459]",[        11         22         11 ... 1000020040 1000010020       2112],[ 2 -2 -2 ... -2 -2 -2],"[1.00254361e-03 4.04849999e-07 2.27717479e-04 ... 1.35310413e-03
 7.32303690e-03 1.07703090e-04]"
98,"[-0.00254523 -0.00166434 -0.00461926 ...  0.00033955 -0.00025138
 -0.00026526]","[ 0.00319454 -0.00109837 -0.00082744 ...  0.00102885 -0.00038354
  0.00016655]",[0.01591424 0.00572426 0.02484918 ... 0.00152457 0.00071017 0.00040375],"[ 0.01545186 -0.23649441 -0.19191783 ...  0.22634707  0.36475965
  0.52524694]","[ 0.11267919 -1.16922733  0.19348068 ...  0.5135219   0.92693311
  1.00221739]","[-3039.05444336 -3040.20458984 -3039.05444336 ... -3040.20458984
 -3039.98876953 -3039.77319336]",[0.15491542 0.15488227 0.15585516 ... 0.16032192 0.21147786 0.24912374],[ 11  11  11 ... -11 -11  22],[-2 -2 -2 ... -2 -2 -2],[0.00095736 0.00139148 0.00094279 ... 0.00058753 0.00047681 0.000511  ]
99,"[ 0.00138137  0.00970244 -0.00292204 ...  0.04279401 -0.02235072
 -0.02998893]","[ 0.00686351 -0.00653618  0.01012144 ...  0.1305079   0.00342594
  0.00897655]",[0.00364008 0.01627256 0.02458887 ... 0.44506392 0.04709615 0.03468165],"[ 1.01746321  1.11678875 -0.02931216 ...  2.6288599   0.59765292
 -4.12192498]","[ 0.25653223 -1.3318493   0.45086349 ...  4.30030389 -0.16171893
  1.71695263]","[-3039.05444336 -3039.05444336 -3039.05444336 ... -3029.2590332
 -3040.20458984 -3029.66845703]",[0.25944677 0.25113648 0.25012925 ... 0.79301983 0.41325888 2.86524606],[  11   11   11 ... 2212 2112 2112],[   0   -2    4 ... 3022   -2   -2],[0.00121421 0.00202938 0.00153244 ... 0.00355801 0.00035131 0.00116092]
